,image_id,label
0,1745816126.jpg,4
1,3307346645.jpg,1
2,train-cbsd-1025.jpg,1
3,train-cmd-1233.jpg,3
4,3940020212.jpg,3
5,4020138210.jpg,4
6,1317481628.jpg,3
7,train-cgm-671.jpg,2
8,3245552311.jpg,1
9,3937113276.jpg,3
10,1287994755.jpg,3
11,2834151142.jpg,3
12,train-healthy-189.jpg,4
13,552389666.jpg,3
14,2560138372.jpg,1
15,1253370926.jpg,1
16,2412232032.jpg,3
17,train-cbsd-305.jpg,1
18,3474174991.jpg,3
19,1425912705.jpg,4
20,1161282261.jpg,2
21,20966306.jpg,2
22,train-cmd-17.jpg,3
23,train-cgm-556.jpg,2
24,train-cgm-293.jpg,2
25,4005310479.jpg,0
26,train-cbsd-25.jpg,1
27,train-cmd-435.jpg,3
28,4064456640.jpg,3
29,3854646741.jpg,3
30,305903694.jpg,3
31,1741717414.jpg,3
32,train-cgm-27.jpg,2
33,111117998.jpg,3
34,1845811420.jpg,2
35,313840458.jpg,3
36,1741967088.jpg,1
37,train-cbsd-335.jpg,1
38,2946668981.jpg,3
39,1060214168.jpg,0
40,953375887.jpg,3
41,87653700.jpg,3
42,2069068462.jpg,3
43,779799514.jpg,4
44,2439113989.jpg,3
45,913261951.jpg,3
46,456001532.jpg,3
47,4098458638.jpg,3
48,train-cmd-1938.jpg,3
49,4069208912.jpg,3
50,862068300.jpg,3
51,train-cbsd-618.jpg,1
52,train-cmd-1272.jpg,3
53,1762956560.jpg,4
54,1929151368.jpg,2
55,2117358649.jpg,1
56,2057942715.jpg,3
57,575098680.jpg,3
58,3978296365.jpg,0
59,2038601042.jpg,0
60,370269140.jpg,0
61,3491035063.jpg,4
62,1489005656.jpg,2
63,1858241102.jpg,3
64,3339923406.jpg,4
65,3474078431.jpg,3
66,train-cmd-1846.jpg,3
67,305710405.jpg,3
68,1524159108.jpg,3
69,train-healthy-269.jpg,4
70,train-cbsd-106.jpg,1
71,1974117751.jpg,3
72,3714369192.jpg,1
73,958074553.jpg,1
74,2361087670.jpg,3
75,1716263265.jpg,3
76,3031973712.jpg,4
77,527458103.jpg,2
78,2117878946.jpg,3
79,2629155801.jpg,2
80,4089978663.jpg,3
81,2936917961.jpg,3
82,94958616.jpg,3
83,train-cgm-650.jpg,2
84,90391907.jpg,3
85,3246642151.jpg,0
86,train-cmd-1200.jpg,3
87,2237980387.jpg,4
88,904658704.jpg,2
89,1415244401.jpg,2
90,train-cmd-424.jpg,3
91,train-cbsd-1369.jpg,1
92,633900413.jpg,3
93,train-cmd-1031.jpg,3
94,train-cmd-928.jpg,3
95,2318255553.jpg,0
96,418673724.jpg,4
97,1131164164.jpg,2
98,242444737.jpg,1
99,3813695111.jpg,3
100,3251176884.jpg,3
101,3521581942.jpg,3
102,634785695.jpg,2
103,train-cmd-463.jpg,3
104,train-cmd-2142.jpg,3
105,train-cmd-1319.jpg,3
106,2297944103.jpg,3
107,train-cbsd-1237.jpg,1
108,train-cgm-63.jpg,2
109,2559634940.jpg,2
110,851691285.jpg,2
111,3512587072.jpg,3
112,770763357.jpg,2
113,620752009.jpg,3
114,248855703.jpg,2
115,train-cmd-1533.jpg,3
116,train-cbsd-907.jpg,1
117,2433281997.jpg,3
118,2035935927.jpg,3
119,3370579462.jpg,2
120,1863822391.jpg,3
121,train-cbsd-1370.jpg,1
122,3395212339.jpg,4
123,3342918940.jpg,3
124,1015749198.jpg,2
125,3102452816.jpg,3
126,2737692918.jpg,0
127,459155800.jpg,3
128,671949861.jpg,1
129,1048372814.jpg,3
130,train-cmd-2568.jpg,3
131,444631842.jpg,3
132,1296498545.jpg,3
133,train-cmd-1987.jpg,3
134,385391871.jpg,3
135,1773462617.jpg,3
136,3667237103.jpg,3
137,2459666631.jpg,4
138,1469167700.jpg,4
139,2719114674.jpg,1
140,train-cmd-156.jpg,3
141,420749600.jpg,4
142,1808921036.jpg,3
143,1569193809.jpg,3
144,train-cmd-895.jpg,3
145,1047645957.jpg,3
146,4213060082.jpg,3
147,3222771047.jpg,1
148,1366307251.jpg,3
149,1450741896.jpg,3
150,train-healthy-127.jpg,4
151,699261554.jpg,4
152,4234605337.jpg,3
153,train-cmd-385.jpg,3
154,1240401949.jpg,3
155,78106943.jpg,3
156,3384483790.jpg,0
157,train-cbsd-255.jpg,1
158,train-cmd-889.jpg,3
159,1113246543.jpg,2
160,train-cgm-98.jpg,2
161,train-cbsd-1244.jpg,1
162,2473152942.jpg,3
163,train-cmd-1279.jpg,3
164,1274817063.jpg,3
165,2558709233.jpg,4
166,4241697639.jpg,2
167,2574008677.jpg,2
168,343990809.jpg,1
169,2324786048.jpg,3
170,train-cbsd-51.jpg,1
171,4228621377.jpg,3
172,232064940.jpg,1
173,1308234304.jpg,4
174,train-cbsd-1.jpg,1
175,train-cgm-266.jpg,2
176,train-cmd-1474.jpg,3
177,4083644073.jpg,3
178,train-cmd-582.jpg,3
179,3337851974.jpg,1
180,1950600545.jpg,3
181,2388202129.jpg,3
182,738656611.jpg,3
183,74548158.jpg,3
184,3133677566.jpg,3
185,2294532767.jpg,3
186,3852521.jpg,1
187,825877957.jpg,1
188,3176098048.jpg,3
189,232710623.jpg,1
190,2892098824.jpg,3
191,271476436.jpg,2
192,561444501.jpg,0
193,622599265.jpg,3
194,2473286391.jpg,3
195,3811426674.jpg,3
196,1545303518.jpg,2
197,1667487311.jpg,3
198,train-cbsd-893.jpg,1
199,3957807023.jpg,4
200,546602360.jpg,3
201,197779816.jpg,3
202,208832652.jpg,3
203,916448505.jpg,0
204,1180565740.jpg,3
205,1154259077.jpg,2
206,4168463468.jpg,3
207,1309044307.jpg,3
208,2260330058.jpg,3
209,train-cmd-94.jpg,3
210,3609350672.jpg,1
211,1937240444.jpg,2
212,3636873900.jpg,4
213,train-cmd-1308.jpg,3
214,4251678390.jpg,2
215,2604878350.jpg,4
216,train-cmd-681.jpg,3
217,974614447.jpg,1
218,659696981.jpg,4
219,2151417299.jpg,0
220,4118708857.jpg,3
221,2722184937.jpg,1
222,1311928765.jpg,3
223,1608857677.jpg,2
224,3119298404.jpg,3
225,1251319553.jpg,3
226,1375245484.jpg,3
227,3725405547.jpg,3
228,3054260375.jpg,3
229,2266461434.jpg,3
230,2386015135.jpg,2
231,2970264073.jpg,4
232,3755967139.jpg,1
233,2090424176.jpg,3
234,4113975266.jpg,1
235,901196930.jpg,1
236,train-cgm-366.jpg,2
237,1254027074.jpg,3
238,2173138048.jpg,3
239,2617970250.jpg,3
240,629896725.jpg,3
241,2254620180.jpg,3
242,16415174.jpg,2
243,3998876448.jpg,3
244,train-cbb-205.jpg,0
245,train-cbsd-1336.jpg,1
246,train-cbsd-935.jpg,1
247,train-cmd-2075.jpg,3
248,train-cmd-1904.jpg,3
249,3293029468.jpg,3
250,3574527119.jpg,4
251,2428477722.jpg,3
252,1182402718.jpg,4
253,571006343.jpg,2
254,956343434.jpg,2
255,2690529206.jpg,3
256,3215535093.jpg,2
257,3956372146.jpg,1
258,train-cmd-1984.jpg,3
259,train-cbsd-1410.jpg,1
260,3627247947.jpg,3
261,train-cmd-657.jpg,3
262,train-cbb-241.jpg,0
263,855456135.jpg,3
264,925427672.jpg,1
265,418334255.jpg,3
266,train-cgm-666.jpg,2
267,3544289270.jpg,3
268,480420375.jpg,3
269,4156138691.jpg,0
270,694303061.jpg,3
271,2294026382.jpg,1
272,1455550646.jpg,3
273,914090622.jpg,3
274,1866858066.jpg,3
275,2120733777.jpg,3
276,3878803293.jpg,3
277,3519335178.jpg,3
278,218953457.jpg,2
279,train-cmd-1952.jpg,3
280,3481763546.jpg,3
281,1363127962.jpg,3
282,2048969228.jpg,4
283,1371273944.jpg,1
284,2235231408.jpg,3
285,3378106142.jpg,4
286,3522070938.jpg,2
287,train-cgm-90.jpg,2
288,54133224.jpg,3
289,179049535.jpg,3
290,train-cbsd-1265.jpg,1
291,4153020952.jpg,4
292,85027801.jpg,2
293,2731535027.jpg,4
294,2198845474.jpg,4
295,472269630.jpg,3
296,train-cmd-1294.jpg,3
297,2958853820.jpg,3
298,train-cmd-1461.jpg,3
299,train-cmd-1429.jpg,3
300,2755812259.jpg,3
301,train-cbsd-420.jpg,1
302,train-cmd-2056.jpg,3
303,train-cmd-2100.jpg,3
304,train-cbsd-711.jpg,1
305,1500175221.jpg,3
306,717532306.jpg,3
307,4090740611.jpg,3
308,979927449.jpg,3
309,1088048736.jpg,3
310,3579018611.jpg,2
311,2183278939.jpg,3
312,1443500189.jpg,0
313,565965080.jpg,3
314,1733650338.jpg,3
315,3267768763.jpg,3
316,2503003890.jpg,0
317,4128599330.jpg,3
318,234486821.jpg,3
319,2521365018.jpg,4
320,1703598406.jpg,3
321,2742838328.jpg,3
322,3084217364.jpg,3
323,404115232.jpg,3
324,377335481.jpg,3
325,2612857188.jpg,0
326,1944928456.jpg,3
327,3811519582.jpg,3
328,2221240763.jpg,0
329,104436415.jpg,2
330,1952684921.jpg,4
331,1382329644.jpg,3
332,653958117.jpg,4
333,2588915537.jpg,3
334,1568139691.jpg,3
335,2457355421.jpg,4
336,4184461961.jpg,3
337,1823946129.jpg,4
338,train-cbsd-1353.jpg,1
339,747749936.jpg,3
340,3087051356.jpg,2
341,3678345339.jpg,3
342,2571283746.jpg,3
343,2034300909.jpg,3
344,train-cmd-1728.jpg,3
345,3936277260.jpg,3
346,train-cgm-128.jpg,2
347,4169894391.jpg,3
348,165934128.jpg,3
349,3222480560.jpg,3
350,1708635198.jpg,2
351,1417032569.jpg,3
352,2098699727.jpg,3
353,1735838200.jpg,4
354,train-cbsd-615.jpg,1
355,1045208006.jpg,2
356,1243561178.jpg,1
357,922802657.jpg,3
358,3772776774.jpg,3
359,1130848139.jpg,2
360,207854902.jpg,4
361,755912815.jpg,4
362,train-cgm-493.jpg,2
363,train-cmd-2477.jpg,3
364,2527296327.jpg,4
365,3891613214.jpg,3
366,1795318849.jpg,0
367,train-cbb-234.jpg,0
368,train-cmd-1719.jpg,3
369,train-cmd-1210.jpg,3
370,4102201143.jpg,3
371,2873763227.jpg,3
372,train-cbb-69.jpg,0
373,2958508685.jpg,3
374,3542768898.jpg,3
375,1981504031.jpg,3
376,1633693725.jpg,1
377,1323186666.jpg,3
378,1114918862.jpg,3
379,train-cmd-345.jpg,3
380,964482896.jpg,3
381,3523363514.jpg,3
382,1009148537.jpg,1
383,2575015649.jpg,3
384,1484042757.jpg,3
385,2627091527.jpg,3
386,2467507498.jpg,3
387,1266269794.jpg,2
388,3884199625.jpg,2
389,2069724844.jpg,3
390,3461945356.jpg,3
391,train-cmd-1290.jpg,3
392,2587404685.jpg,1
393,1483777554.jpg,3
394,657542940.jpg,4
395,train-cbsd-670.jpg,1
396,1305744512.jpg,3
397,1935479226.jpg,3
398,train-cmd-746.jpg,3
399,1898437154.jpg,3
400,3688735381.jpg,4
401,3691870719.jpg,3
402,train-cbsd-801.jpg,1
403,3962941156.jpg,3
404,train-cbsd-464.jpg,1
405,1269638182.jpg,3
406,1288267850.jpg,3
407,295042633.jpg,3
408,199917295.jpg,3
409,4255490685.jpg,3
410,train-cbsd-484.jpg,1
411,3291696815.jpg,4
412,66240294.jpg,3
413,657817116.jpg,4
414,3338457815.jpg,3
415,1424184391.jpg,3
416,328959114.jpg,2
417,2124797374.jpg,3
418,train-cbsd-997.jpg,1
419,train-cbb-116.jpg,0
420,1922719796.jpg,4
421,1485387248.jpg,2
422,4083517071.jpg,4
423,622285967.jpg,2
424,370989494.jpg,3
425,train-cmd-619.jpg,3
426,train-cgm-211.jpg,2
427,3734403071.jpg,0
428,443656391.jpg,4
429,3994869632.jpg,4
430,2967206024.jpg,2
431,2944616493.jpg,3
432,3089786786.jpg,1
433,train-cbsd-740.jpg,1
434,2458565094.jpg,4
435,train-cmd-263.jpg,3
436,1182950503.jpg,3
437,3106625505.jpg,3
438,112557905.jpg,3
439,train-cbb-291.jpg,0
440,3153425687.jpg,3
441,2551135473.jpg,3
442,3210631434.jpg,3
443,281173602.jpg,2
444,1615919700.jpg,1
445,train-cmd-905.jpg,3
446,1179913576.jpg,0
447,3187558480.jpg,4
448,train-cmd-200.jpg,3
449,1808491145.jpg,2
450,3192692419.jpg,3
451,train-cgm-14.jpg,2
452,2794860382.jpg,3
453,4153074724.jpg,3
454,1737731640.jpg,3
455,2978097491.jpg,3
456,623631977.jpg,4
457,3963194620.jpg,3
458,3441642787.jpg,3
459,3660503479.jpg,3
460,train-cgm-526.jpg,2
461,train-cbb-367.jpg,0
462,1281439622.jpg,3
463,683136495.jpg,3
464,train-cbsd-858.jpg,1
465,train-cbsd-272.jpg,1
466,2855622883.jpg,3
467,1919271519.jpg,3
468,3197107417.jpg,3
469,3848791367.jpg,4
470,train-cgm-679.jpg,2
471,712382120.jpg,3
472,3308322126.jpg,3
473,3821632962.jpg,2
474,train-cmd-234.jpg,3
475,3885779532.jpg,3
476,3293012629.jpg,2
477,1666732950.jpg,3
478,1610505683.jpg,3
479,3833575676.jpg,3
480,train-cbsd-1108.jpg,1
481,2776639568.jpg,3
482,train-cmd-1980.jpg,3
483,train-cbsd-619.jpg,1
484,2985727517.jpg,1
485,189868840.jpg,3
486,4091618832.jpg,3
487,1268162819.jpg,1
488,train-cbb-163.jpg,0
489,1630082707.jpg,3
490,3814344096.jpg,3
491,train-cbsd-724.jpg,1
492,1752260817.jpg,3
493,3691200692.jpg,4
494,2754635742.jpg,3
495,1969270538.jpg,2
496,3106113588.jpg,3
497,train-healthy-173.jpg,4
498,770144532.jpg,3
499,749454717.jpg,3
500,train-cbsd-231.jpg,1
501,3218913875.jpg,3
502,336032005.jpg,3
503,1861343358.jpg,2
504,1563376988.jpg,3
505,520184661.jpg,3
506,3752506067.jpg,1
507,2021497832.jpg,3
508,2897500080.jpg,3
509,2932123995.jpg,0
510,1633836154.jpg,1
511,1567964165.jpg,1
512,1404256606.jpg,3
513,3844663092.jpg,3
514,train-cgm-720.jpg,2
515,4226051437.jpg,3
516,train-cbsd-98.jpg,1
517,3287200393.jpg,3
518,654992578.jpg,3
519,train-cbsd-1117.jpg,1
520,2041267183.jpg,3
521,3855303383.jpg,3
522,2997262447.jpg,3
523,train-cmd-2284.jpg,3
524,3516286553.jpg,3
525,1102114596.jpg,2
526,2829293396.jpg,2
527,3377436038.jpg,3
528,349886633.jpg,3
529,2385674368.jpg,3
530,2171124892.jpg,1
531,train-cbsd-392.jpg,1
532,2822454255.jpg,3
533,3107630524.jpg,3
534,train-cmd-766.jpg,3
535,157149350.jpg,3
536,843529789.jpg,3
537,1777367691.jpg,3
538,train-cgm-608.jpg,2
539,3485891168.jpg,0
540,3914210670.jpg,3
541,362383094.jpg,1
542,1009441020.jpg,3
543,1344226593.jpg,4
544,4155925395.jpg,3
545,3188367087.jpg,4
546,823280173.jpg,3
547,1512080920.jpg,3
548,1291389398.jpg,3
549,3934860878.jpg,3
550,1498669662.jpg,1
551,327095430.jpg,3
552,1485689723.jpg,3
553,1705452197.jpg,3
554,2860246624.jpg,3
555,328271132.jpg,3
556,3223282866.jpg,3
557,train-cmd-493.jpg,3
558,train-cbb-129.jpg,0
559,767824748.jpg,3
560,3408953915.jpg,1
561,3989567826.jpg,1
562,1769895706.jpg,3
563,2649681680.jpg,3
564,3018620634.jpg,3
565,2044627598.jpg,3
566,982968211.jpg,3
567,1955966140.jpg,2
568,1175579707.jpg,3
569,3038956872.jpg,1
570,923965406.jpg,4
571,2455854003.jpg,0
572,2412339095.jpg,3
573,1958784721.jpg,3
574,3268942286.jpg,3
575,train-cmd-874.jpg,3
576,2930198832.jpg,1
577,2671295882.jpg,2
578,90091578.jpg,3
579,2468021699.jpg,4
580,505355209.jpg,3
581,1877332484.jpg,0
582,train-cmd-1358.jpg,3
583,561201584.jpg,3
584,train-cbsd-921.jpg,1
585,train-cmd-1173.jpg,3
586,731606877.jpg,3
587,3645241295.jpg,1
588,1012426959.jpg,0
589,train-cbsd-400.jpg,1
590,1299050149.jpg,4
591,train-cmd-2434.jpg,3
592,2307565145.jpg,3
593,3207676164.jpg,3
594,2294882999.jpg,3
595,2191032534.jpg,3
596,train-cmd-525.jpg,3
597,4167054860.jpg,2
598,3677086623.jpg,1
599,3822534983.jpg,2
600,4063529695.jpg,3
601,1653535676.jpg,3
602,train-cmd-1815.jpg,3
603,1423442291.jpg,3
604,train-cmd-1991.jpg,3
605,train-cmd-1456.jpg,3
606,2188599184.jpg,3
607,1359197741.jpg,3
608,train-cbsd-936.jpg,1
609,427201982.jpg,3
610,3892366593.jpg,1
611,87470037.jpg,3
612,1419604978.jpg,3
613,train-cmd-2308.jpg,3
614,2986676865.jpg,3
615,train-cmd-2419.jpg,3
616,1271086718.jpg,3
617,train-cmd-57.jpg,3
618,train-cgm-727.jpg,2
619,3947465350.jpg,3
620,train-cbsd-80.jpg,1
621,2219671077.jpg,1
622,229033895.jpg,3
623,631676303.jpg,3
624,3154183706.jpg,3
625,519050764.jpg,0
626,2545481828.jpg,2
627,808416790.jpg,0
628,train-cgm-105.jpg,2
629,3227870524.jpg,1
630,747698769.jpg,3
631,3171294350.jpg,3
632,1897759599.jpg,3
633,2089839146.jpg,3
634,106233037.jpg,3
635,2882936489.jpg,3
636,4092211517.jpg,3
637,2964319583.jpg,2
638,1077091549.jpg,3
639,479659706.jpg,3
640,train-cgm-535.jpg,2
641,train-cbsd-1097.jpg,1
642,1151941049.jpg,2
643,train-cmd-1793.jpg,3
644,4084681419.jpg,3
645,1928188434.jpg,1
646,1882922468.jpg,3
647,2891506485.jpg,3
648,3271104064.jpg,2
649,3620010252.jpg,4
650,train-cbsd-1301.jpg,1
651,662372109.jpg,3
652,train-cbsd-778.jpg,1
653,2531474935.jpg,3
654,3862121693.jpg,4
655,22667751.jpg,2
656,3473125611.jpg,1
657,808606006.jpg,2
658,4132381633.jpg,2
659,870679029.jpg,2
660,2073650843.jpg,3
661,823276084.jpg,4
662,4205935925.jpg,3
663,562228915.jpg,3
664,791971573.jpg,3
665,train-cmd-1739.jpg,3
666,1926101032.jpg,3
667,3687667078.jpg,2
668,2351670510.jpg,3
669,2569150875.jpg,3
670,train-cbb-443.jpg,0
671,3847675023.jpg,4
672,959863341.jpg,3
673,2967863031.jpg,3
674,2856433123.jpg,2
675,train-cmd-285.jpg,3
676,3224818576.jpg,3
677,2279465716.jpg,2
678,1310705023.jpg,3
679,127130878.jpg,3
680,1553584181.jpg,1
681,train-cmd-1634.jpg,3
682,3276064901.jpg,3
683,1314818419.jpg,2
684,2139869177.jpg,3
685,train-cmd-592.jpg,3
686,3524684066.jpg,3
687,4225133358.jpg,2
688,3713723345.jpg,3
689,1874987001.jpg,3
690,train-cmd-1013.jpg,3
691,train-cmd-1627.jpg,3
692,2075847805.jpg,3
693,423114651.jpg,3
694,3114646654.jpg,3
695,3332684410.jpg,3
696,698853568.jpg,2
697,train-cbsd-19.jpg,1
698,2945240485.jpg,3
699,3257324402.jpg,3
700,1656012136.jpg,3
701,326882587.jpg,3
702,733445038.jpg,3
703,1007700625.jpg,3
704,3018313072.jpg,3
705,train-cmd-1110.jpg,3
706,train-cbsd-12.jpg,1
707,train-cbsd-365.jpg,1
708,1060543398.jpg,4
709,train-cbsd-180.jpg,1
710,1269902527.jpg,1
711,2312856534.jpg,3
712,4193039618.jpg,2
713,4105402505.jpg,3
714,3936947033.jpg,3
715,train-cmd-1639.jpg,3
716,train-cgm-439.jpg,2
717,1654717395.jpg,1
718,1768669927.jpg,1
719,train-cbb-52.jpg,0
720,2745895551.jpg,3
721,850170128.jpg,3
722,2946977526.jpg,4
723,2907262343.jpg,0
724,1377187378.jpg,2
725,2346713566.jpg,3
726,train-cmd-2631.jpg,3
727,train-cmd-2563.jpg,3
728,train-cmd-2319.jpg,3
729,1270871208.jpg,3
730,148613129.jpg,3
731,3798939425.jpg,4
732,3928691677.jpg,3
733,train-cmd-419.jpg,3
734,907755458.jpg,3
735,1861251806.jpg,3
736,194923526.jpg,1
737,1834266408.jpg,3
738,2232959596.jpg,3
739,112646666.jpg,3
740,train-cbsd-430.jpg,1
741,2785330572.jpg,3
742,2302273705.jpg,3
743,train-cmd-440.jpg,3
744,train-cbsd-1132.jpg,1
745,3915770795.jpg,4
746,3456541997.jpg,3
747,1263787016.jpg,3
748,3111312039.jpg,0
749,train-healthy-64.jpg,4
750,train-healthy-255.jpg,4
751,318227226.jpg,2
752,3233610742.jpg,3
753,2179767086.jpg,3
754,1695268361.jpg,1
755,3424923425.jpg,3
756,train-cgm-478.jpg,2
757,4080639262.jpg,1
758,324471712.jpg,3
759,2718731433.jpg,3
760,1497853421.jpg,0
761,977617704.jpg,3
762,1243263123.jpg,3
763,2410206880.jpg,4
764,927454705.jpg,3
765,2534462886.jpg,3
766,train-cmd-368.jpg,3
767,1163211967.jpg,3
768,1680873912.jpg,1
769,train-cmd-1650.jpg,3
770,679522078.jpg,3
771,3331923226.jpg,4
772,348412624.jpg,3
773,516331845.jpg,4
774,2862651902.jpg,2
775,677634085.jpg,0
776,403735844.jpg,3
777,3391462998.jpg,2
778,train-cbsd-1183.jpg,1
779,941078633.jpg,3
780,900061372.jpg,3
781,train-cmd-1320.jpg,3
782,3638322339.jpg,4
783,2224228735.jpg,4
784,4204628073.jpg,3
785,1783305105.jpg,3
786,2356536748.jpg,3
787,1569815719.jpg,3
788,2925813866.jpg,3
789,3237320140.jpg,1
790,2463031363.jpg,3
791,2655654600.jpg,3
792,train-cbb-303.jpg,0
793,913567043.jpg,1
794,3188371437.jpg,3
795,train-cgm-108.jpg,2
796,3964372330.jpg,3
797,1481899695.jpg,3
798,train-cbsd-1289.jpg,1
799,3987321075.jpg,3
800,train-cbsd-24.jpg,1
801,train-cgm-763.jpg,2
802,872498616.jpg,4
803,674072472.jpg,3
804,4038643368.jpg,3
805,813697698.jpg,0
806,835290707.jpg,1
807,3005332064.jpg,2
808,440065824.jpg,3
809,171434140.jpg,3
810,2499859350.jpg,0
811,3764673411.jpg,3
812,1681870456.jpg,1
813,1469568121.jpg,3
814,1964012353.jpg,1
815,2757717680.jpg,3
816,3092157872.jpg,3
817,2183630862.jpg,3
818,636474296.jpg,2
819,3739021598.jpg,0
820,390092040.jpg,3
821,train-cmd-2126.jpg,3
822,train-cgm-708.jpg,2
823,train-cgm-352.jpg,2
824,train-cbsd-646.jpg,1
825,1906649077.jpg,4
826,train-cbsd-1119.jpg,1
827,3061536410.jpg,2
828,train-healthy-310.jpg,4
829,2459764997.jpg,3
830,2784153881.jpg,3
831,1666228761.jpg,3
832,3985367860.jpg,3
833,train-cbsd-47.jpg,1
834,623381434.jpg,3
835,738435591.jpg,3
836,1436595255.jpg,3
837,2216965382.jpg,3
838,4179630738.jpg,2
839,3187086613.jpg,3
840,948186989.jpg,1
841,train-cbb-148.jpg,0
842,616531930.jpg,3
843,train-cmd-1073.jpg,3
844,3618946483.jpg,3
845,4065661474.jpg,3
846,1923659480.jpg,3
847,2635402791.jpg,3
848,2059847463.jpg,3
849,1114473986.jpg,3
850,3896971387.jpg,3
851,1753499945.jpg,2
852,train-healthy-48.jpg,4
853,3116498490.jpg,0
854,2156902788.jpg,3
855,1998622752.jpg,2
856,845869703.jpg,3
857,1447209989.jpg,3
858,1029778366.jpg,3
859,3345130558.jpg,3
860,63578884.jpg,3
861,1589092032.jpg,3
862,3507556647.jpg,3
863,train-healthy-307.jpg,4
864,2315547753.jpg,3
865,4033546541.jpg,3
866,2816524205.jpg,4
867,1907370084.jpg,3
868,5430583.jpg,3
869,3162831635.jpg,0
870,train-cmd-2640.jpg,3
871,1423702741.jpg,3
872,2915539500.jpg,0
873,2799405097.jpg,3
874,683492948.jpg,3
875,2872638305.jpg,3
876,2591061061.jpg,0
877,train-cbb-244.jpg,0
878,4146786218.jpg,3
879,1622159386.jpg,2
880,632445353.jpg,3
881,train-cgm-234.jpg,2
882,1200660912.jpg,1
883,train-cmd-1468.jpg,3
884,3152107203.jpg,3
885,272565243.jpg,0
886,2615150558.jpg,3
887,train-cmd-426.jpg,3
888,1016415263.jpg,1
889,1137454058.jpg,3
890,2976384122.jpg,3
891,train-cbb-56.jpg,0
892,4252236416.jpg,3
893,532692632.jpg,3
894,541812079.jpg,3
895,3907855912.jpg,2
896,1080407872.jpg,0
897,2522202499.jpg,1
898,1755647771.jpg,3
899,654782602.jpg,3
900,4019214613.jpg,3
901,4114136102.jpg,1
902,train-cbsd-516.jpg,1
903,1151591175.jpg,3
904,3331347285.jpg,2
905,2069634652.jpg,4
906,2401953205.jpg,3
907,2532355205.jpg,3
908,309310829.jpg,3
909,train-cbb-381.jpg,0
910,2006137227.jpg,3
911,986273020.jpg,3
912,83815023.jpg,3
913,1172756697.jpg,1
914,1452260416.jpg,2
915,3158350561.jpg,3
916,46087551.jpg,1
917,1499153374.jpg,3
918,3504347958.jpg,4
919,241455389.jpg,1
920,4235664377.jpg,3
921,1597845268.jpg,3
922,266070647.jpg,3
923,1620397384.jpg,4
924,1836048821.jpg,0
925,486378688.jpg,3
926,660729197.jpg,3
927,train-cmd-1483.jpg,3
928,2496805382.jpg,2
929,2349814871.jpg,4
930,2157055067.jpg,3
931,1338027879.jpg,3
932,4250520416.jpg,1
933,3925921042.jpg,0
934,3216421473.jpg,4
935,2147728293.jpg,4
936,train-cmd-104.jpg,3
937,3243085170.jpg,0
938,1920538853.jpg,3
939,train-healthy-98.jpg,4
940,train-cmd-2455.jpg,3
941,3888912096.jpg,4
942,45753456.jpg,3
943,3106475684.jpg,3
944,4246064356.jpg,3
945,1943423929.jpg,1
946,311754983.jpg,3
947,1970622259.jpg,2
948,2602456265.jpg,3
949,20153440.jpg,4
950,3230471724.jpg,2
951,1659810136.jpg,3
952,4223800974.jpg,2
953,2410752222.jpg,2
954,1595141360.jpg,0
955,3159203508.jpg,4
956,2710440557.jpg,3
957,3510423937.jpg,3
958,2789670576.jpg,3
959,train-cmd-1060.jpg,3
960,1287875001.jpg,3
961,3234847067.jpg,0
962,3456823667.jpg,4
963,3260683685.jpg,3
964,train-cmd-1211.jpg,3
965,1794147963.jpg,1
966,train-cmd-943.jpg,3
967,1686082281.jpg,1
968,2342424711.jpg,2
969,2856324401.jpg,3
970,1931522080.jpg,3
971,train-cbsd-348.jpg,1
972,1378967272.jpg,2
973,3276950073.jpg,3
974,2325593378.jpg,0
975,train-cbsd-543.jpg,1
976,train-cgm-161.jpg,2
977,train-cbb-286.jpg,0
978,2177297033.jpg,3
979,1196700830.jpg,3
980,train-cmd-1624.jpg,3
981,533613162.jpg,1
982,870659549.jpg,1
983,train-cmd-699.jpg,3
984,train-cgm-15.jpg,2
985,2983246696.jpg,3
986,1581350775.jpg,2
987,110051175.jpg,3
988,3887762313.jpg,0
989,3244382279.jpg,2
990,train-cmd-2525.jpg,3
991,3250010085.jpg,0
992,1135319126.jpg,3
993,train-cmd-1032.jpg,3
994,3842977642.jpg,3
995,3964029612.jpg,4
996,3580451894.jpg,4
997,2371511733.jpg,3
998,3870383420.jpg,3
999,650458335.jpg,3
1000,189339781.jpg,3
1001,2321816432.jpg,3
1002,2819659045.jpg,3
1003,train-cmd-1827.jpg,3
1004,1486873366.jpg,3
1005,train-cmd-902.jpg,3
1006,1075249116.jpg,0
1007,1671607794.jpg,3
1008,train-cbsd-494.jpg,1
1009,train-cmd-1749.jpg,3
1010,1690305793.jpg,1
1011,3904023913.jpg,2
1012,2245464938.jpg,3
1013,train-cbsd-1254.jpg,1
1014,70412561.jpg,4
1015,256879152.jpg,4
1016,2048354223.jpg,4
1017,1121048541.jpg,2
1018,1136820675.jpg,1
1019,2256445671.jpg,3
1020,2331047582.jpg,3
1021,1931114133.jpg,3
1022,2154886042.jpg,3
1023,3321411338.jpg,3
1024,255319476.jpg,3
1025,303061561.jpg,0
1026,2064710008.jpg,4
1027,3165059873.jpg,3
1028,3289230042.jpg,3
1029,train-cbsd-552.jpg,1
1030,3885533035.jpg,3
1031,2182767747.jpg,3
1032,train-cbsd-621.jpg,1
1033,train-cbsd-1004.jpg,1
1034,train-cmd-886.jpg,3
1035,99202708.jpg,4
1036,3784738955.jpg,3
1037,415073532.jpg,3
1038,train-cmd-642.jpg,3
1039,2175645585.jpg,3
1040,2991346428.jpg,2
1041,3073019381.jpg,0
1042,3020977920.jpg,3
1043,train-cmd-562.jpg,3
1044,2602035083.jpg,4
1045,3943363815.jpg,3
1046,1853237353.jpg,3
1047,2292792964.jpg,3
1048,1401653529.jpg,2
1049,37458951.jpg,3
1050,4089645917.jpg,4
1051,137128883.jpg,1
1052,train-cbb-447.jpg,0
1053,4060304349.jpg,3
1054,912912811.jpg,1
1055,2079104179.jpg,3
1056,1694314252.jpg,3
1057,3026311558.jpg,2
1058,2051400563.jpg,3
1059,3256294649.jpg,3
1060,3197848318.jpg,3
1061,3233897514.jpg,1
1062,1079107547.jpg,3
1063,3280635633.jpg,3
1064,3192927904.jpg,2
1065,train-cmd-2428.jpg,3
1066,163251576.jpg,3
1067,train-cmd-1423.jpg,3
1068,2342455447.jpg,0
1069,2938887346.jpg,3
1070,2949633440.jpg,3
1071,1260599331.jpg,2
1072,1301053588.jpg,3
1073,2425193162.jpg,1
1074,839709957.jpg,3
1075,3993406091.jpg,3
1076,3986797492.jpg,3
1077,3240696459.jpg,3
1078,1194287929.jpg,1
1079,2365326310.jpg,0
1080,732483696.jpg,1
1081,543499151.jpg,3
1082,3877698675.jpg,3
1083,train-cmd-2060.jpg,3
1084,2270521527.jpg,3
1085,3012723482.jpg,4
1086,1722033032.jpg,2
1087,3412345556.jpg,3
1088,train-cbsd-991.jpg,1
1089,1918913284.jpg,3
1090,2073899075.jpg,3
1091,train-cmd-631.jpg,3
1092,2768506629.jpg,2
1093,1973400842.jpg,2
1094,306689552.jpg,3
1095,2143941183.jpg,3
1096,342634878.jpg,3
1097,3804358219.jpg,3
1098,1132572799.jpg,3
1099,3706939010.jpg,1
1100,1768676175.jpg,3
1101,1459148536.jpg,3
1102,1450903179.jpg,4
1103,train-cmd-819.jpg,3
1104,1469175825.jpg,4
1105,2668524110.jpg,1
1106,1208216776.jpg,3
1107,4151543321.jpg,3
1108,4288418406.jpg,3
1109,4225259568.jpg,2
1110,2816450071.jpg,3
1111,1179908738.jpg,4
1112,train-cbb-417.jpg,0
1113,181857749.jpg,2
1114,2458306798.jpg,3
1115,1464544692.jpg,3
1116,3535986345.jpg,1
1117,2509771823.jpg,3
1118,1380727344.jpg,3
1119,2504223461.jpg,3
1120,train-healthy-50.jpg,4
1121,4082694328.jpg,3
1122,1974079097.jpg,3
1123,630797550.jpg,3
1124,train-cmd-1933.jpg,3
1125,4173509764.jpg,3
1126,343946447.jpg,3
1127,train-healthy-39.jpg,4
1128,3633530356.jpg,3
1129,train-cbsd-769.jpg,1
1130,3186714136.jpg,0
1131,2086830475.jpg,1
1132,2900494721.jpg,3
1133,296732943.jpg,1
1134,888983519.jpg,3
1135,3271199232.jpg,3
1136,3382468735.jpg,3
1137,809808575.jpg,3
1138,3927374351.jpg,4
1139,2680534189.jpg,3
1140,4145869943.jpg,4
1141,295733469.jpg,4
1142,3298030379.jpg,3
1143,3323944074.jpg,3
1144,train-cmd-610.jpg,3
1145,2397594193.jpg,1
1146,1771017079.jpg,3
1147,3615279906.jpg,3
1148,3421134001.jpg,3
1149,2245188644.jpg,2
1150,868275841.jpg,0
1151,1264219928.jpg,2
1152,4122834254.jpg,3
1153,2942298229.jpg,3
1154,2544947286.jpg,3
1155,1119134814.jpg,2
1156,1266982278.jpg,3
1157,3931679914.jpg,4
1158,932990043.jpg,3
1159,train-cmd-456.jpg,3
1160,train-cmd-2424.jpg,3
1161,4030410880.jpg,2
1162,2138280096.jpg,2
1163,900061330.jpg,3
1164,train-cbsd-1157.jpg,1
1165,562822735.jpg,3
1166,3453071010.jpg,4
1167,3931486036.jpg,3
1168,1687247558.jpg,4
1169,train-cgm-258.jpg,2
1170,4223217189.jpg,3
1171,train-cbsd-1332.jpg,1
1172,3271089723.jpg,2
1173,2427032578.jpg,3
1174,2263743432.jpg,0
1175,1427164708.jpg,3
1176,train-cbb-149.jpg,0
1177,476113846.jpg,3
1178,3723227529.jpg,4
1179,1823201205.jpg,4
1180,696072814.jpg,3
1181,train-cmd-2650.jpg,3
1182,402862496.jpg,3
1183,1140116873.jpg,2
1184,4072033035.jpg,4
1185,3680677373.jpg,3
1186,643044892.jpg,1
1187,3120465337.jpg,3
1188,2910260764.jpg,3
1189,1506190985.jpg,3
1190,3118711567.jpg,3
1191,1040079282.jpg,3
1192,953808797.jpg,1
1193,1482262254.jpg,3
1194,train-cmd-855.jpg,3
1195,3165173552.jpg,3
1196,1659403875.jpg,3
1197,2498122689.jpg,2
1198,328272253.jpg,3
1199,3894758285.jpg,3
1200,1257614231.jpg,2
1201,1609127882.jpg,3
1202,106785011.jpg,3
1203,785146800.jpg,0
1204,932971696.jpg,3
1205,3714119135.jpg,3
1206,2454143099.jpg,3
1207,255058477.jpg,4
1208,train-cmd-1610.jpg,3
1209,728221316.jpg,3
1210,train-cgm-624.jpg,2
1211,train-cmd-1338.jpg,3
1212,1696348486.jpg,3
1213,2240297228.jpg,3
1214,1210657191.jpg,1
1215,2642374600.jpg,1
1216,train-cmd-2185.jpg,3
1217,1391250868.jpg,1
1218,4365857.jpg,2
1219,3218303848.jpg,3
1220,291053926.jpg,2
1221,1503774088.jpg,3
1222,train-healthy-46.jpg,4
1223,2550003581.jpg,3
1224,1321644663.jpg,3
1225,3435954655.jpg,1
1226,3869408144.jpg,4
1227,3808126182.jpg,3
1228,train-cmd-176.jpg,3
1229,train-healthy-212.jpg,4
1230,2095530731.jpg,1
1231,3323965689.jpg,2
1232,1400362797.jpg,3
1233,3622844742.jpg,3
1234,train-cbsd-79.jpg,1
1235,764628702.jpg,3
1236,2519536403.jpg,0
1237,1935951907.jpg,3
1238,train-cbb-251.jpg,0
1239,3905810067.jpg,3
1240,train-cbsd-1087.jpg,1
1241,train-cmd-315.jpg,3
1242,1559321663.jpg,2
1243,2373222201.jpg,3
1244,3486225470.jpg,3
1245,1192463815.jpg,3
1246,2059469005.jpg,3
1247,train-cmd-1298.jpg,3
1248,3022004374.jpg,3
1249,train-cbsd-108.jpg,1
1250,train-cgm-176.jpg,2
1251,422752547.jpg,0
1252,1381562197.jpg,3
1253,2351347259.jpg,4
1254,train-cmd-1580.jpg,3
1255,2929693289.jpg,2
1256,2948116610.jpg,3
1257,3921883987.jpg,3
1258,3021177990.jpg,3
1259,3361965890.jpg,4
1260,2064086293.jpg,3
1261,train-cmd-487.jpg,3
1262,1118381273.jpg,3
1263,433676551.jpg,2
1264,2759452874.jpg,3
1265,3876148963.jpg,4
1266,4011855023.jpg,2
1267,3461338622.jpg,3
1268,train-cmd-936.jpg,3
1269,1098348421.jpg,3
1270,687693766.jpg,1
1271,2490423956.jpg,4
1272,4206587190.jpg,0
1273,train-healthy-237.jpg,4
1274,2764801503.jpg,3
1275,train-cbb-166.jpg,0
1276,1939567096.jpg,3
1277,547059239.jpg,3
1278,3440965079.jpg,2
1279,3803912232.jpg,3
1280,1278924259.jpg,2
1281,2563233163.jpg,3
1282,3842465525.jpg,3
1283,train-cbsd-1424.jpg,1
1284,1467290004.jpg,3
1285,1454074626.jpg,3
1286,2276395594.jpg,2
1287,1085297222.jpg,1
1288,2984856478.jpg,3
1289,train-cmd-1182.jpg,3
1290,2985605315.jpg,2
1291,2775876940.jpg,3
1292,2194170986.jpg,3
1293,4142424247.jpg,3
1294,437958298.jpg,1
1295,3644947505.jpg,2
1296,3195215192.jpg,0
1297,889052134.jpg,3
1298,314599917.jpg,4
1299,3382800297.jpg,3
1300,train-cmd-2603.jpg,3
1301,4005695464.jpg,1
1302,train-cmd-962.jpg,3
1303,train-cmd-274.jpg,3
1304,1000812911.jpg,3
1305,2199495585.jpg,3
1306,3240471476.jpg,4
1307,3485950795.jpg,4
1308,3292967761.jpg,3
1309,train-cbsd-110.jpg,1
1310,2220309469.jpg,1
1311,913877640.jpg,3
1312,276774458.jpg,3
1313,813217011.jpg,4
1314,3973452259.jpg,4
1315,360706290.jpg,4
1316,2429816530.jpg,0
1317,train-cbsd-1169.jpg,1
1318,1332424855.jpg,0
1319,train-cgm-525.jpg,2
1320,train-cmd-2301.jpg,3
1321,296929664.jpg,2
1322,2016371750.jpg,3
1323,1710141570.jpg,3
1324,train-cbsd-767.jpg,1
1325,3885318661.jpg,3
1326,4171468415.jpg,2
1327,3655961680.jpg,3
1328,train-cbb-16.jpg,0
1329,743850893.jpg,3
1330,train-cgm-204.jpg,2
1331,3361738601.jpg,4
1332,3019672013.jpg,3
1333,1307759125.jpg,3
1334,3045665893.jpg,3
1335,2429350015.jpg,3
1336,293936551.jpg,3
1337,1955905129.jpg,3
1338,train-healthy-250.jpg,4
1339,2557274516.jpg,3
1340,3292800291.jpg,3
1341,train-cgm-368.jpg,2
1342,train-cmd-1784.jpg,3
1343,train-cmd-1072.jpg,3
1344,3361498980.jpg,1
1345,1131795306.jpg,4
1346,4044550421.jpg,4
1347,3174223236.jpg,3
1348,train-cmd-2507.jpg,3
1349,train-cmd-1023.jpg,3
1350,1323334775.jpg,3
1351,4276702530.jpg,3
1352,648590846.jpg,4
1353,4114133209.jpg,1
1354,704115558.jpg,1
1355,train-cmd-2418.jpg,3
1356,2280389729.jpg,4
1357,train-cbsd-1256.jpg,1
1358,train-cmd-2067.jpg,3
1359,2722340963.jpg,0
1360,3160964625.jpg,2
1361,2955761671.jpg,3
1362,2845047042.jpg,3
1363,3627502987.jpg,3
1364,3010280604.jpg,0
1365,225662229.jpg,3
1366,train-cmd-2605.jpg,3
1367,3419613818.jpg,1
1368,1730671477.jpg,2
1369,2505962456.jpg,3
1370,1326787301.jpg,0
1371,4240281500.jpg,3
1372,3128703922.jpg,3
1373,3363323405.jpg,3
1374,486370102.jpg,1
1375,178079419.jpg,3
1376,3634843546.jpg,3
1377,3258755653.jpg,3
1378,train-cbsd-352.jpg,1
1379,192315586.jpg,1
1380,3789409909.jpg,3
1381,train-cmd-2223.jpg,3
1382,765925416.jpg,3
1383,3219226576.jpg,0
1384,1758913732.jpg,3
1385,3934500328.jpg,3
1386,825637783.jpg,3
1387,829746450.jpg,3
1388,922887047.jpg,3
1389,49856658.jpg,2
1390,719526260.jpg,3
1391,573879422.jpg,0
1392,1752419587.jpg,3
1393,1968165864.jpg,3
1394,267769333.jpg,3
1395,514995034.jpg,3
1396,214204345.jpg,3
1397,1190399034.jpg,4
1398,3550628898.jpg,3
1399,857983591.jpg,3
1400,4148746293.jpg,3
1401,211163536.jpg,0
1402,train-cbsd-656.jpg,1
1403,3640588854.jpg,4
1404,1291761689.jpg,3
1405,1875040493.jpg,3
1406,1432000471.jpg,3
1407,3401893530.jpg,1
1408,4228732666.jpg,4
1409,681211585.jpg,4
1410,496222891.jpg,3
1411,train-cmd-442.jpg,3
1412,2377930931.jpg,3
1413,1851497737.jpg,3
1414,2923119977.jpg,1
1415,805519444.jpg,4
1416,1258399753.jpg,3
1417,3714169299.jpg,4
1418,train-cbsd-928.jpg,1
1419,1501728003.jpg,0
1420,1580921361.jpg,2
1421,2269255258.jpg,1
1422,2852400341.jpg,3
1423,1228668761.jpg,2
1424,3370131164.jpg,3
1425,483372035.jpg,3
1426,train-cmd-1942.jpg,3
1427,train-cgm-726.jpg,2
1428,1950273419.jpg,2
1429,3368561907.jpg,0
1430,2307793957.jpg,3
1431,2513489893.jpg,4
1432,3978345491.jpg,3
1433,train-cmd-696.jpg,3
1434,1889617951.jpg,4
1435,2558491910.jpg,4
1436,train-cgm-143.jpg,2
1437,3442513768.jpg,4
1438,986854149.jpg,3
1439,1328372449.jpg,0
1440,3404780145.jpg,3
1441,528691632.jpg,3
1442,516333196.jpg,3
1443,1049791378.jpg,4
1444,2544512868.jpg,3
1445,train-cmd-1949.jpg,3
1446,2760970275.jpg,3
1447,4136833908.jpg,1
1448,1756425714.jpg,3
1449,3737858095.jpg,3
1450,1583584265.jpg,3
1451,401103417.jpg,3
1452,train-cgm-213.jpg,2
1453,1917903934.jpg,1
1454,2556924880.jpg,1
1455,2745229372.jpg,3
1456,train-cmd-363.jpg,3
1457,451922996.jpg,3
1458,3965161877.jpg,3
1459,train-healthy-290.jpg,4
1460,1687852669.jpg,4
1461,3888715055.jpg,2
1462,3066868630.jpg,2
1463,4103274356.jpg,3
1464,1345964218.jpg,3
1465,3347545196.jpg,1
1466,train-cmd-841.jpg,3
1467,3246576507.jpg,4
1468,216687816.jpg,1
1469,train-cbsd-283.jpg,1
1470,2318962607.jpg,3
1471,3322439675.jpg,3
1472,390879098.jpg,2
1473,2739645903.jpg,3
1474,train-cgm-25.jpg,2
1475,3023944209.jpg,3
1476,3415080050.jpg,3
1477,train-cmd-931.jpg,3
1478,2895326283.jpg,1
1479,train-cmd-276.jpg,3
1480,train-cbb-441.jpg,0
1481,409474529.jpg,3
1482,567892299.jpg,3
1483,1903608739.jpg,3
1484,1855169074.jpg,3
1485,215365070.jpg,3
1486,53164927.jpg,2
1487,849308241.jpg,3
1488,2815381590.jpg,3
1489,1643057033.jpg,3
1490,3854923530.jpg,4
1491,434367485.jpg,3
1492,630537916.jpg,4
1493,1564696319.jpg,3
1494,train-cmd-1045.jpg,3
1495,4108340746.jpg,3
1496,train-cgm-615.jpg,2
1497,2679696862.jpg,3
1498,3950138340.jpg,3
1499,train-cmd-378.jpg,3
1500,train-cbb-243.jpg,0
1501,4284057693.jpg,3
1502,1476112995.jpg,1
1503,1850781315.jpg,3
1504,2699398200.jpg,3
1505,530632304.jpg,3
1506,1702003432.jpg,3
1507,1078590865.jpg,0
1508,2499718406.jpg,3
1509,3092716255.jpg,3
1510,3329640569.jpg,4
1511,4035811730.jpg,3
1512,704485270.jpg,3
1513,train-cmd-2228.jpg,3
1514,1652379583.jpg,4
1515,3455364465.jpg,3
1516,1955971780.jpg,3
1517,train-cmd-1845.jpg,3
1518,train-cmd-1692.jpg,3
1519,3263547515.jpg,0
1520,3029101771.jpg,3
1521,425678500.jpg,1
1522,164144958.jpg,0
1523,train-cbsd-120.jpg,1
1524,2548210945.jpg,4
1525,787914923.jpg,3
1526,979717744.jpg,3
1527,810351903.jpg,3
1528,2963358758.jpg,1
1529,3190783471.jpg,4
1530,426530715.jpg,4
1531,3837168774.jpg,3
1532,3017169420.jpg,3
1533,3656627426.jpg,3
1534,2747090144.jpg,3
1535,3784570453.jpg,3
1536,train-cbsd-642.jpg,1
1537,2275987073.jpg,3
1538,train-cmd-464.jpg,3
1539,1489161942.jpg,3
1540,1873436140.jpg,3
1541,3388540769.jpg,1
1542,4062287710.jpg,2
1543,1086499006.jpg,3
1544,1690581200.jpg,3
1545,787756871.jpg,3
1546,1547490615.jpg,3
1547,969351419.jpg,1
1548,train-cbsd-249.jpg,1
1549,600110842.jpg,4
1550,1639780135.jpg,4
1551,train-cmd-1858.jpg,3
1552,2995735378.jpg,2
1553,train-cgm-256.jpg,2
1554,3301808128.jpg,3
1555,710350966.jpg,1
1556,4131457294.jpg,4
1557,4248329912.jpg,3
1558,2377529094.jpg,3
1559,2020316651.jpg,1
1560,133736168.jpg,3
1561,train-cbsd-279.jpg,1
1562,1176894803.jpg,1
1563,1726153.jpg,3
1564,1086102546.jpg,3
1565,921927890.jpg,3
1566,664137344.jpg,3
1567,train-healthy-116.jpg,4
1568,train-cmd-2255.jpg,3
1569,3168618201.jpg,3
1570,3699953741.jpg,4
1571,train-cgm-336.jpg,2
1572,4222447484.jpg,3
1573,2433962799.jpg,2
1574,3398069947.jpg,3
1575,865580599.jpg,3
1576,2966278497.jpg,3
1577,228757587.jpg,2
1578,2079354513.jpg,3
1579,2332024831.jpg,1
1580,train-cbsd-398.jpg,1
1581,1364299181.jpg,3
1582,1685392765.jpg,4
1583,2878494248.jpg,3
1584,381038531.jpg,3
1585,481585072.jpg,3
1586,4186436193.jpg,3
1587,2866106633.jpg,3
1588,3556675221.jpg,0
1589,3946409758.jpg,4
1590,2231502538.jpg,3
1591,1745213235.jpg,2
1592,train-cmd-1725.jpg,3
1593,1120557501.jpg,3
1594,train-cmd-1746.jpg,3
1595,2021244568.jpg,3
1596,3750670092.jpg,3
1597,4250119562.jpg,3
1598,1774492072.jpg,0
1599,2217598381.jpg,3
1600,982255022.jpg,3
1601,train-cmd-2140.jpg,3
1602,678969911.jpg,4
1603,2478837427.jpg,3
1604,4188111262.jpg,0
1605,1017890227.jpg,3
1606,1865345123.jpg,3
1607,1844980570.jpg,3
1608,2402393622.jpg,3
1609,2773097788.jpg,4
1610,train-cmd-2280.jpg,3
1611,105602329.jpg,4
1612,train-cbsd-1334.jpg,1
1613,2360494692.jpg,3
1614,1306087922.jpg,2
1615,3606039415.jpg,3
1616,3117219248.jpg,3
1617,1632014154.jpg,4
1618,1938715150.jpg,2
1619,3243290426.jpg,3
1620,train-cbsd-394.jpg,1
1621,3222453673.jpg,2
1622,3337091008.jpg,1
1623,3779724069.jpg,3
1624,357178051.jpg,3
1625,2561461282.jpg,3
1626,2857145632.jpg,2
1627,2653683211.jpg,3
1628,train-cbsd-428.jpg,1
1629,train-cmd-1076.jpg,3
1630,train-cbsd-663.jpg,1
1631,3641985438.jpg,2
1632,285685903.jpg,4
1633,269505590.jpg,3
1634,2567573946.jpg,3
1635,1336010975.jpg,3
1636,616514000.jpg,1
1637,train-cmd-1075.jpg,3
1638,1263625799.jpg,3
1639,2818805641.jpg,3
1640,train-cmd-1700.jpg,3
1641,train-cmd-594.jpg,3
1642,train-cmd-169.jpg,3
1643,1135186120.jpg,3
1644,2885347871.jpg,2
1645,850135313.jpg,3
1646,train-cmd-408.jpg,3
1647,1288225954.jpg,2
1648,4144134428.jpg,3
1649,4167436274.jpg,4
1650,3658819051.jpg,3
1651,3995871788.jpg,3
1652,1381453836.jpg,1
1653,812524479.jpg,4
1654,529572554.jpg,3
1655,train-cmd-179.jpg,3
1656,1908392634.jpg,3
1657,train-cgm-180.jpg,2
1658,3578719931.jpg,4
1659,train-cmd-807.jpg,3
1660,1125109121.jpg,2
1661,3984082727.jpg,3
1662,1204449633.jpg,3
1663,4245699755.jpg,3
1664,1738379259.jpg,4
1665,train-cmd-2548.jpg,3
1666,435467528.jpg,3
1667,3344412896.jpg,4
1668,1437908880.jpg,3
1669,55670030.jpg,3
1670,train-cbsd-97.jpg,1
1671,573623784.jpg,3
1672,train-cbb-408.jpg,0
1673,2833573615.jpg,3
1674,4177391802.jpg,0
1675,939566384.jpg,3
1676,4072724949.jpg,2
1677,132993724.jpg,3
1678,648013564.jpg,3
1679,4005530868.jpg,3
1680,1542373427.jpg,3
1681,3409314423.jpg,3
1682,3328116890.jpg,3
1683,2074837416.jpg,4
1684,2032441634.jpg,3
1685,3142330263.jpg,3
1686,830740908.jpg,2
1687,2853436606.jpg,3
1688,2272862732.jpg,3
1689,1093739814.jpg,3
1690,2204515212.jpg,4
1691,3558865995.jpg,4
1692,train-cbb-339.jpg,0
1693,train-cmd-643.jpg,3
1694,3645775098.jpg,0
1695,910870110.jpg,4
1696,train-cbb-17.jpg,0
1697,1986556511.jpg,3
1698,2125711051.jpg,2
1699,3351977110.jpg,1
1700,3945524682.jpg,3
1701,630407730.jpg,4
1702,667282886.jpg,3
1703,4221172112.jpg,3
1704,train-cbb-431.jpg,0
1705,503916638.jpg,3
1706,323199672.jpg,3
1707,1672251151.jpg,4
1708,40960944.jpg,3
1709,1463895571.jpg,1
1710,3875177069.jpg,4
1711,1362873947.jpg,4
1712,train-cmd-2119.jpg,3
1713,train-cmd-2249.jpg,3
1714,2542417453.jpg,2
1715,train-cbb-34.jpg,0
1716,3223559298.jpg,3
1717,1239252841.jpg,3
1718,2333905291.jpg,1
1719,259995232.jpg,2
1720,train-cgm-746.jpg,2
1721,3994489797.jpg,2
1722,2189559385.jpg,1
1723,train-healthy-311.jpg,4
1724,3105885441.jpg,1
1725,745566741.jpg,4
1726,train-cgm-306.jpg,2
1727,3350458674.jpg,3
1728,1250343314.jpg,3
1729,114137661.jpg,3
1730,2321394894.jpg,3
1731,910008110.jpg,0
1732,2698452187.jpg,3
1733,1759042176.jpg,2
1734,147604859.jpg,3
1735,2682687426.jpg,3
1736,334971941.jpg,3
1737,train-cmd-2125.jpg,3
1738,2211468159.jpg,3
1739,3957562076.jpg,2
1740,2367254874.jpg,3
1741,693123459.jpg,4
1742,2112849909.jpg,3
1743,train-cmd-1887.jpg,3
1744,341323855.jpg,3
1745,2306755781.jpg,3
1746,2442669965.jpg,3
1747,train-cbsd-1145.jpg,1
1748,1046703257.jpg,4
1749,379319725.jpg,2
1750,train-cmd-2385.jpg,3
1751,train-cmd-1454.jpg,3
1752,544530143.jpg,0
1753,2585623036.jpg,3
1754,2671737105.jpg,4
1755,4045136417.jpg,3
1756,1672107115.jpg,3
1757,736896439.jpg,3
1758,train-cbsd-1085.jpg,1
1759,3645203518.jpg,3
1760,3170957509.jpg,2
1761,2482951138.jpg,3
1762,train-cgm-192.jpg,2
1763,train-cmd-201.jpg,3
1764,632357010.jpg,3
1765,3336631270.jpg,3
1766,train-cmd-1274.jpg,3
1767,1059412486.jpg,2
1768,1371946692.jpg,4
1769,2405041059.jpg,3
1770,2946421028.jpg,3
1771,72286182.jpg,3
1772,768801643.jpg,4
1773,1363877858.jpg,3
1774,train-cbsd-1331.jpg,1
1775,train-cbb-421.jpg,0
1776,3718724098.jpg,1
1777,1344397550.jpg,4
1778,1982702143.jpg,3
1779,1365660763.jpg,3
1780,2871112358.jpg,3
1781,790473247.jpg,2
1782,947208202.jpg,3
1783,3871591664.jpg,2
1784,1364616567.jpg,1
1785,1146674028.jpg,3
1786,train-cgm-239.jpg,2
1787,train-cbsd-1196.jpg,1
1788,3623486148.jpg,3
1789,train-cbsd-781.jpg,1
1790,2294473726.jpg,3
1791,3969288877.jpg,2
1792,2207334085.jpg,3
1793,4128588977.jpg,1
1794,811026048.jpg,1
1795,1418701712.jpg,1
1796,train-cbsd-182.jpg,1
1797,2858707596.jpg,3
1798,2861545981.jpg,2
1799,1243038432.jpg,3
1800,475006659.jpg,3
1801,1403954196.jpg,3
1802,train-cbsd-1275.jpg,1
1803,1304015285.jpg,0
1804,643541195.jpg,3
1805,36663927.jpg,3
1806,2085145602.jpg,3
1807,train-cmd-2315.jpg,3
1808,train-cmd-471.jpg,3
1809,4262567845.jpg,4
1810,train-cgm-403.jpg,2
1811,3613374145.jpg,3
1812,train-cbsd-1390.jpg,1
1813,3416568166.jpg,0
1814,train-cmd-1954.jpg,3
1815,1910478563.jpg,3
1816,2736444451.jpg,3
1817,3687557580.jpg,0
1818,2062853703.jpg,3
1819,4019065947.jpg,3
1820,1277807656.jpg,3
1821,train-cmd-103.jpg,3
1822,186024899.jpg,2
1823,619953066.jpg,3
1824,3611460254.jpg,3
1825,train-cmd-2380.jpg,3
1826,3168083400.jpg,3
1827,3118860161.jpg,3
1828,train-cbb-271.jpg,0
1829,3718836957.jpg,3
1830,2070808203.jpg,3
1831,train-cbsd-1030.jpg,1
1832,4103428960.jpg,2
1833,2657664587.jpg,3
1834,train-cmd-1561.jpg,3
1835,3194870771.jpg,3
1836,train-cbsd-1051.jpg,1
1837,2618313082.jpg,1
1838,2622431262.jpg,3
1839,2636602591.jpg,3
1840,1279007002.jpg,3
1841,3998978709.jpg,3
1842,3488113907.jpg,3
1843,177861663.jpg,3
1844,train-cmd-675.jpg,3
1845,2178384473.jpg,3
1846,188217517.jpg,3
1847,train-cmd-2112.jpg,3
1848,4236479992.jpg,3
1849,1783273641.jpg,1
1850,792990285.jpg,3
1851,3391232032.jpg,1
1852,train-cmd-348.jpg,3
1853,201421885.jpg,0
1854,2642232374.jpg,3
1855,1412272619.jpg,4
1856,645674702.jpg,3
1857,924036255.jpg,4
1858,1273641598.jpg,3
1859,3929583160.jpg,3
1860,1953071676.jpg,2
1861,489607845.jpg,3
1862,train-cmd-1727.jpg,3
1863,train-cgm-342.jpg,2
1864,103630546.jpg,3
1865,train-cgm-70.jpg,2
1866,2407724083.jpg,3
1867,3151010218.jpg,4
1868,743999758.jpg,2
1869,2883095931.jpg,4
1870,1220597062.jpg,3
1871,train-cbsd-1164.jpg,1
1872,2118892329.jpg,4
1873,4003333385.jpg,2
1874,2854111497.jpg,1
1875,3859819303.jpg,3
1876,391233797.jpg,1
1877,train-cmd-750.jpg,3
1878,3848558113.jpg,3
1879,1865596191.jpg,3
1880,train-cmd-1269.jpg,3
1881,1038916688.jpg,3
1882,3356818703.jpg,4
1883,2021701763.jpg,2
1884,844267975.jpg,2
1885,61297107.jpg,3
1886,3025655144.jpg,3
1887,579333790.jpg,1
1888,4020462779.jpg,1
1889,107458529.jpg,3
1890,train-cmd-1431.jpg,3
1891,1542437080.jpg,4
1892,4224255718.jpg,3
1893,train-cbsd-58.jpg,1
1894,4285755413.jpg,3
1895,train-cgm-612.jpg,2
1896,1048738679.jpg,3
1897,train-cmd-2023.jpg,3
1898,992748624.jpg,1
1899,3658535011.jpg,4
1900,train-cmd-6.jpg,3
1901,3792116184.jpg,3
1902,2889729749.jpg,1
1903,4244470722.jpg,2
1904,2054174491.jpg,3
1905,878720080.jpg,3
1906,train-cmd-1205.jpg,3
1907,451431780.jpg,1
1908,2016976059.jpg,3
1909,4161605185.jpg,3
1910,train-cgm-154.jpg,2
1911,1009431532.jpg,2
1912,2424570451.jpg,1
1913,479472063.jpg,3
1914,592236552.jpg,3
1915,2065009504.jpg,3
1916,3512385051.jpg,4
1917,2139921753.jpg,3
1918,1931110698.jpg,3
1919,17632796.jpg,2
1920,671675016.jpg,0
1921,2598549913.jpg,3
1922,3142378861.jpg,3
1923,43315915.jpg,3
1924,2577042809.jpg,3
1925,409358481.jpg,3
1926,train-healthy-162.jpg,4
1927,589122135.jpg,3
1928,3069991905.jpg,3
1929,1499948628.jpg,3
1930,train-cbsd-1141.jpg,1
1931,train-cmd-80.jpg,3
1932,3206254963.jpg,3
1933,3998485682.jpg,2
1934,2565456267.jpg,3
1935,1098903353.jpg,3
1936,1658232092.jpg,3
1937,3571158096.jpg,3
1938,951048679.jpg,3
1939,1287334854.jpg,0
1940,train-cmd-2354.jpg,3
1941,1967901235.jpg,3
1942,314571424.jpg,1
1943,417726822.jpg,3
1944,2189896995.jpg,2
1945,1354800137.jpg,3
1946,1080752639.jpg,1
1947,1543963201.jpg,1
1948,1510219104.jpg,3
1949,4063056293.jpg,3
1950,2632442628.jpg,3
1951,3063643344.jpg,2
1952,897638042.jpg,0
1953,3849716239.jpg,1
1954,train-cbb-115.jpg,0
1955,1779790231.jpg,3
1956,train-cgm-151.jpg,2
1957,2331763363.jpg,3
1958,1108899810.jpg,3
1959,2958062966.jpg,3
1960,train-cbsd-123.jpg,1
1961,2130816690.jpg,3
1962,train-healthy-29.jpg,4
1963,3460410538.jpg,3
1964,1333177599.jpg,3
1965,train-cmd-1248.jpg,3
1966,498277992.jpg,3
1967,1721634086.jpg,3
1968,1766960814.jpg,3
1969,train-cmd-981.jpg,3
1970,661610886.jpg,3
1971,2138243842.jpg,3
1972,train-cbsd-610.jpg,1
1973,2964066000.jpg,3
1974,2946227885.jpg,1
1975,1974242714.jpg,2
1976,2274473837.jpg,0
1977,3071845704.jpg,3
1978,1305042137.jpg,3
1979,3204228673.jpg,3
1980,251711364.jpg,0
1981,4171842238.jpg,3
1982,3409768955.jpg,3
1983,1034286210.jpg,3
1984,1222730682.jpg,3
1985,4033870667.jpg,3
1986,12688038.jpg,2
1987,4013482004.jpg,3
1988,3952532444.jpg,2
1989,238076770.jpg,3
1990,738553844.jpg,3
1991,1932084666.jpg,3
1992,3015759657.jpg,3
1993,357852038.jpg,3
1994,2713947934.jpg,3
1995,804347789.jpg,1
1996,131507385.jpg,3
1997,600869262.jpg,1
1998,2877824060.jpg,3
1999,1014359226.jpg,2
2000,55220429.jpg,3
2001,train-cgm-670.jpg,2
2002,train-cmd-1449.jpg,3
2003,3199066390.jpg,3
2004,3959470813.jpg,3
2005,3412736398.jpg,3
2006,4141630996.jpg,4
2007,2192563382.jpg,1
2008,2539791726.jpg,4
2009,train-cgm-629.jpg,2
2010,1668517699.jpg,3
2011,3477094015.jpg,1
2012,3324977995.jpg,4
2013,train-cgm-116.jpg,2
2014,1836536716.jpg,3
2015,827746278.jpg,2
2016,3385309388.jpg,0
2017,1837733678.jpg,3
2018,2115118532.jpg,3
2019,1726783807.jpg,3
2020,2566980957.jpg,3
2021,train-cgm-308.jpg,2
2022,2597787460.jpg,3
2023,2440096561.jpg,4
2024,train-cbb-168.jpg,0
2025,train-cmd-1614.jpg,3
2026,2428798135.jpg,3
2027,train-cgm-645.jpg,2
2028,2727099306.jpg,3
2029,2913849934.jpg,3
2030,train-cmd-1276.jpg,3
2031,3439578627.jpg,3
2032,2898618584.jpg,3
2033,1309185049.jpg,3
2034,train-healthy-177.jpg,4
2035,3483612153.jpg,2
2036,825551560.jpg,2
2037,train-cmd-1810.jpg,3
2038,2156331801.jpg,1
2039,1097658176.jpg,3
2040,train-cbsd-1375.jpg,1
2041,539448425.jpg,2
2042,train-cmd-712.jpg,3
2043,2508483326.jpg,3
2044,train-cbsd-587.jpg,1
2045,4135070493.jpg,0
2046,train-healthy-58.jpg,4
2047,train-cbsd-511.jpg,1
2048,3013391375.jpg,3
2049,3354494955.jpg,3
2050,2196148634.jpg,1
2051,1560460552.jpg,2
2052,1330357112.jpg,3
2053,train-healthy-133.jpg,4
2054,3457349388.jpg,1
2055,743105570.jpg,3
2056,569609163.jpg,3
2057,1092874124.jpg,3
2058,3300470808.jpg,4
2059,847847826.jpg,1
2060,459069338.jpg,3
2061,2536601960.jpg,2
2062,282889032.jpg,4
2063,3419381051.jpg,3
2064,train-cbsd-1189.jpg,1
2065,976098356.jpg,3
2066,1100718808.jpg,3
2067,1520672258.jpg,4
2068,230887462.jpg,3
2069,99645916.jpg,3
2070,1487832837.jpg,3
2071,507089312.jpg,3
2072,train-cmd-174.jpg,3
2073,3931510634.jpg,3
2074,3150477025.jpg,2
2075,320442458.jpg,2
2076,3274533152.jpg,3
2077,2023062288.jpg,3
2078,3092974289.jpg,1
2079,3595436298.jpg,3
2080,884573629.jpg,3
2081,3539619673.jpg,1
2082,train-cbsd-1279.jpg,1
2083,3672629086.jpg,3
2084,train-cbsd-753.jpg,1
2085,1623430367.jpg,4
2086,train-cmd-1096.jpg,3
2087,2261597836.jpg,2
2088,train-cmd-2012.jpg,3
2089,628546721.jpg,3
2090,3632711020.jpg,3
2091,2262263316.jpg,1
2092,4176585618.jpg,3
2093,158743924.jpg,1
2094,3189096196.jpg,3
2095,3951490557.jpg,3
2096,314896719.jpg,3
2097,3974406563.jpg,3
2098,3110572972.jpg,3
2099,3734410646.jpg,0
2100,459331011.jpg,3
2101,train-cbb-391.jpg,0
2102,4045142021.jpg,3
2103,train-cgm-766.jpg,2
2104,train-cmd-436.jpg,3
2105,train-cmd-136.jpg,3
2106,3407710748.jpg,3
2107,3609986814.jpg,4
2108,4261378787.jpg,2
2109,train-cgm-59.jpg,2
2110,1940410728.jpg,4
2111,3367580056.jpg,3
2112,2401928784.jpg,3
2113,1949071639.jpg,4
2114,792366511.jpg,1
2115,3983622976.jpg,0
2116,3443596857.jpg,3
2117,train-cmd-24.jpg,3
2118,227245436.jpg,3
2119,4170665280.jpg,3
2120,train-cbsd-593.jpg,1
2121,2592676258.jpg,2
2122,1924021542.jpg,3
2123,train-cmd-1037.jpg,3
2124,train-cmd-73.jpg,3
2125,1221146503.jpg,3
2126,4172211620.jpg,3
2127,172872674.jpg,4
2128,798006612.jpg,3
2129,3567018385.jpg,4
2130,train-cbsd-1413.jpg,1
2131,2276638864.jpg,3
2132,3813188280.jpg,4
2133,train-cmd-1672.jpg,3
2134,553294224.jpg,0
2135,2322385914.jpg,3
2136,train-cbb-55.jpg,0
2137,3489692619.jpg,0
2138,train-cmd-1480.jpg,3
2139,2976042817.jpg,4
2140,2803759142.jpg,4
2141,1184455106.jpg,3
2142,train-cgm-744.jpg,2
2143,3920121408.jpg,3
2144,train-cbb-257.jpg,0
2145,2382642453.jpg,1
2146,train-cgm-561.jpg,2
2147,3999758372.jpg,2
2148,2771630964.jpg,4
2149,3848359159.jpg,3
2150,426011031.jpg,3
2151,train-cmd-520.jpg,3
2152,3110923866.jpg,3
2153,train-cmd-1605.jpg,3
2154,train-healthy-266.jpg,4
2155,2976467043.jpg,1
2156,3417074387.jpg,1
2157,3896233159.jpg,3
2158,3621477021.jpg,1
2159,train-cbsd-354.jpg,1
2160,1343457656.jpg,3
2161,train-cmd-275.jpg,3
2162,train-cbsd-210.jpg,1
2163,2487843883.jpg,3
2164,2086522625.jpg,3
2165,train-cbsd-1194.jpg,1
2166,train-cmd-706.jpg,3
2167,1359741464.jpg,3
2168,3043785326.jpg,3
2169,1244752759.jpg,3
2170,train-cgm-424.jpg,2
2171,1479504068.jpg,3
2172,1181613818.jpg,2
2173,466809222.jpg,3
2174,2002337945.jpg,4
2175,459025811.jpg,3
2176,2181450725.jpg,3
2177,875582353.jpg,3
2178,487884059.jpg,1
2179,664024610.jpg,3
2180,1385746259.jpg,4
2181,735529446.jpg,3
2182,4013991367.jpg,3
2183,268372107.jpg,2
2184,578279237.jpg,3
2185,968472833.jpg,3
2186,2708734648.jpg,4
2187,2366210565.jpg,3
2188,3416720700.jpg,4
2189,4232966905.jpg,3
2190,1885500567.jpg,3
2191,2222998086.jpg,2
2192,2406746609.jpg,1
2193,train-cbsd-437.jpg,1
2194,train-cbsd-1360.jpg,1
2195,862141742.jpg,3
2196,2097640981.jpg,3
2197,4084470563.jpg,3
2198,4256202412.jpg,3
2199,3443403628.jpg,3
2200,1409426378.jpg,2
2201,2516864757.jpg,3
2202,2945652044.jpg,0
2203,train-cbsd-764.jpg,1
2204,train-cmd-1883.jpg,3
2205,2265748268.jpg,3
2206,1889215655.jpg,0
2207,3472250799.jpg,1
2208,1861354699.jpg,1
2209,1657763940.jpg,3
2210,1784661840.jpg,0
2211,train-cgm-186.jpg,2
2212,3155962772.jpg,2
2213,642333740.jpg,3
2214,train-cgm-545.jpg,2
2215,3778007109.jpg,3
2216,2678970011.jpg,3
2217,train-cbsd-368.jpg,1
2218,42026505.jpg,0
2219,train-cbsd-8.jpg,1
2220,train-cmd-1826.jpg,3
2221,3278834779.jpg,3
2222,train-cbsd-607.jpg,1
2223,3907844004.jpg,3
2224,4143264926.jpg,3
2225,423248664.jpg,2
2226,916669333.jpg,3
2227,4036100881.jpg,3
2228,3814035701.jpg,2
2229,train-cmd-1339.jpg,3
2230,train-cgm-658.jpg,2
2231,train-cbsd-490.jpg,1
2232,train-cmd-2468.jpg,3
2233,42586742.jpg,1
2234,train-cmd-1684.jpg,3
2235,train-cbb-452.jpg,0
2236,train-cbsd-662.jpg,1
2237,2280588876.jpg,3
2238,428641617.jpg,3
2239,1553434915.jpg,3
2240,2989101138.jpg,1
2241,2725135519.jpg,3
2242,2670985369.jpg,3
2243,618916143.jpg,1
2244,1204938946.jpg,2
2245,3750562893.jpg,3
2246,2231413660.jpg,4
2247,train-cmd-1669.jpg,3
2248,train-cbsd-133.jpg,1
2249,175215603.jpg,3
2250,train-cmd-144.jpg,3
2251,432302938.jpg,2
2252,1667447724.jpg,1
2253,4119019208.jpg,3
2254,4239047736.jpg,3
2255,train-cbsd-1389.jpg,1
2256,2478018732.jpg,4
2257,train-cbsd-167.jpg,1
2258,1210950494.jpg,3
2259,1092535479.jpg,2
2260,3240849248.jpg,3
2261,1534825646.jpg,3
2262,1451055508.jpg,3
2263,train-cgm-750.jpg,2
2264,2631828957.jpg,3
2265,train-cbsd-350.jpg,1
2266,344427708.jpg,1
2267,train-cbb-228.jpg,0
2268,train-cmd-1082.jpg,3
2269,train-cbb-246.jpg,0
2270,72014881.jpg,4
2271,2684560144.jpg,3
2272,2965024429.jpg,3
2273,569842713.jpg,3
2274,train-cbsd-1350.jpg,1
2275,1563395006.jpg,2
2276,1024504187.jpg,1
2277,2819641698.jpg,3
2278,1748020549.jpg,3
2279,train-cbb-387.jpg,0
2280,3745686451.jpg,3
2281,train-cmd-990.jpg,3
2282,3903538298.jpg,3
2283,train-cbsd-966.jpg,1
2284,752869166.jpg,3
2285,1059334615.jpg,3
2286,134240800.jpg,3
2287,train-cbsd-301.jpg,1
2288,3316115656.jpg,3
2289,1927778435.jpg,4
2290,3667636603.jpg,3
2291,3728053314.jpg,3
2292,1204281938.jpg,3
2293,4269828095.jpg,3
2294,train-cmd-729.jpg,3
2295,1041651309.jpg,3
2296,3220658549.jpg,3
2297,1838877057.jpg,3
2298,2663709463.jpg,3
2299,3002089936.jpg,4
2300,1688398046.jpg,4
2301,2890968781.jpg,3
2302,279235285.jpg,3
2303,3274534287.jpg,3
2304,501394346.jpg,3
2305,4247710206.jpg,3
2306,train-cmd-1756.jpg,3
2307,2089375202.jpg,4
2308,1180917298.jpg,3
2309,2199231317.jpg,3
2310,1149843066.jpg,3
2311,train-cmd-391.jpg,3
2312,2475226454.jpg,3
2313,train-cgm-582.jpg,2
2314,train-cmd-302.jpg,3
2315,4185505558.jpg,3
2316,2237983224.jpg,3
2317,3032067755.jpg,3
2318,train-cmd-2619.jpg,3
2319,train-cmd-768.jpg,3
2320,114251805.jpg,1
2321,30831420.jpg,1
2322,2293657925.jpg,1
2323,2106075610.jpg,3
2324,2538316411.jpg,2
2325,4158544304.jpg,3
2326,756009491.jpg,3
2327,571732176.jpg,3
2328,3458427180.jpg,3
2329,train-cmd-2306.jpg,3
2330,2986428474.jpg,3
2331,train-cbsd-725.jpg,1
2332,428166614.jpg,3
2333,3335121390.jpg,0
2334,1843297041.jpg,3
2335,1398447903.jpg,3
2336,3302033830.jpg,3
2337,4203623611.jpg,1
2338,2754482477.jpg,3
2339,2383062261.jpg,3
2340,3778551901.jpg,3
2341,train-cmd-1493.jpg,3
2342,train-cbsd-899.jpg,1
2343,2137452423.jpg,3
2344,train-cbsd-162.jpg,1
2345,334728567.jpg,3
2346,train-cmd-1531.jpg,3
2347,train-cbsd-988.jpg,1
2348,447327937.jpg,3
2349,3268077993.jpg,1
2350,904785196.jpg,3
2351,875229192.jpg,3
2352,1708791164.jpg,3
2353,1535253333.jpg,3
2354,2653303226.jpg,3
2355,2719138337.jpg,4
2356,train-cmd-1948.jpg,3
2357,train-cmd-530.jpg,3
2358,1039045921.jpg,3
2359,1036380403.jpg,2
2360,2272550.jpg,3
2361,269106077.jpg,3
2362,train-cbsd-1021.jpg,1
2363,4252095621.jpg,3
2364,89587006.jpg,3
2365,1478815745.jpg,2
2366,2118008819.jpg,3
2367,2588775979.jpg,3
2368,train-cbsd-1036.jpg,1
2369,220903933.jpg,4
2370,1927956289.jpg,3
2371,836589560.jpg,1
2372,4240036351.jpg,4
2373,311947873.jpg,1
2374,1778306055.jpg,3
2375,606006336.jpg,3
2376,4059451569.jpg,1
2377,3140915827.jpg,3
2378,1046187121.jpg,3
2379,871711168.jpg,4
2380,745442190.jpg,3
2381,train-cbsd-597.jpg,1
2382,train-cgm-760.jpg,2
2383,1054946133.jpg,2
2384,3692342611.jpg,4
2385,2598800564.jpg,2
2386,1009037539.jpg,3
2387,2681077258.jpg,3
2388,3014758416.jpg,3
2389,2676885505.jpg,3
2390,3149626447.jpg,1
2391,232991186.jpg,2
2392,train-cbsd-254.jpg,1
2393,2259667328.jpg,3
2394,1865866480.jpg,3
2395,1936198780.jpg,2
2396,140350208.jpg,2
2397,1873100849.jpg,3
2398,1366570105.jpg,3
2399,3992509961.jpg,3
2400,1344931095.jpg,3
2401,3151613826.jpg,1
2402,2848134469.jpg,3
2403,3165686559.jpg,3
2404,train-cbb-145.jpg,0
2405,train-cbsd-864.jpg,1
2406,3141303004.jpg,3
2407,800250438.jpg,2
2408,train-cmd-410.jpg,3
2409,2497079238.jpg,3
2410,2530012971.jpg,3
2411,train-cmd-119.jpg,3
2412,1922566301.jpg,3
2413,2556598810.jpg,3
2414,396499078.jpg,3
2415,4172181287.jpg,1
2416,train-cbsd-74.jpg,1
2417,367487965.jpg,3
2418,943096902.jpg,3
2419,1391957751.jpg,3
2420,291069106.jpg,2
2421,304479365.jpg,3
2422,769509727.jpg,3
2423,1905665106.jpg,0
2424,119354743.jpg,2
2425,2919064495.jpg,3
2426,4096334049.jpg,3
2427,3237097482.jpg,3
2428,2047483616.jpg,3
2429,3031817409.jpg,4
2430,488450580.jpg,3
2431,3456403702.jpg,3
2432,train-cmd-2136.jpg,3
2433,2904671058.jpg,3
2434,1452520506.jpg,3
2435,train-cbsd-221.jpg,1
2436,780806888.jpg,3
2437,1234260909.jpg,2
2438,1987438093.jpg,3
2439,3807708050.jpg,3
2440,3511031067.jpg,3
2441,train-cbsd-72.jpg,1
2442,3284991381.jpg,3
2443,3117063498.jpg,3
2444,3492114933.jpg,4
2445,1856744348.jpg,3
2446,4153465850.jpg,3
2447,2728936550.jpg,3
2448,631563709.jpg,4
2449,3678880730.jpg,3
2450,2426488262.jpg,4
2451,897745173.jpg,3
2452,670606517.jpg,1
2453,train-cmd-1311.jpg,3
2454,826144344.jpg,3
2455,train-cbsd-1361.jpg,1
2456,476487552.jpg,3
2457,89393849.jpg,3
2458,train-cbb-354.jpg,0
2459,3303866506.jpg,1
2460,1700559021.jpg,3
2461,2646704086.jpg,3
2462,690578148.jpg,3
2463,1526938868.jpg,3
2464,78946276.jpg,2
2465,train-cbb-152.jpg,0
2466,3847276001.jpg,3
2467,3694251978.jpg,4
2468,1593185834.jpg,3
2469,train-cmd-1012.jpg,3
2470,1350902917.jpg,3
2471,825263308.jpg,3
2472,2665787416.jpg,0
2473,2468020600.jpg,3
2474,1590163332.jpg,3
2475,2378611640.jpg,4
2476,2681075727.jpg,3
2477,2887524398.jpg,3
2478,1637611911.jpg,3
2479,2719402606.jpg,3
2480,2057007338.jpg,3
2481,2297909098.jpg,1
2482,423373963.jpg,3
2483,1057579024.jpg,3
2484,3570056225.jpg,3
2485,362952900.jpg,3
2486,3178167371.jpg,3
2487,1768825249.jpg,3
2488,3010523551.jpg,3
2489,133303828.jpg,4
2490,1001749118.jpg,3
2491,1650008995.jpg,0
2492,3966914560.jpg,3
2493,2078445415.jpg,3
2494,2390536525.jpg,3
2495,3084391599.jpg,3
2496,train-cbsd-723.jpg,1
2497,train-cmd-81.jpg,3
2498,2951492916.jpg,3
2499,2244002731.jpg,3
2500,4250885951.jpg,1
2501,1012305013.jpg,1
2502,train-cgm-343.jpg,2
2503,3436142956.jpg,4
2504,352475125.jpg,3
2505,3751316353.jpg,3
2506,829062180.jpg,4
2507,train-cmd-756.jpg,3
2508,3264451283.jpg,3
2509,4153984677.jpg,1
2510,train-cbsd-59.jpg,1
2511,3313590869.jpg,3
2512,1428569100.jpg,4
2513,3102075869.jpg,3
2514,1310462986.jpg,4
2515,1416607824.jpg,3
2516,687913373.jpg,3
2517,3914399588.jpg,3
2518,train-cmd-1479.jpg,3
2519,427487173.jpg,2
2520,1045099368.jpg,4
2521,1148219268.jpg,3
2522,3218166132.jpg,3
2523,2800998571.jpg,3
2524,259514647.jpg,3
2525,train-cbsd-1220.jpg,1
2526,1990072539.jpg,3
2527,263932822.jpg,3
2528,train-cmd-820.jpg,3
2529,3620445770.jpg,3
2530,train-cmd-105.jpg,3
2531,196618228.jpg,1
2532,3498789307.jpg,3
2533,1560284085.jpg,1
2534,2729556493.jpg,3
2535,2423538120.jpg,4
2536,train-cmd-1207.jpg,3
2537,1989303026.jpg,3
2538,2560984671.jpg,3
2539,2077344457.jpg,3
2540,1357287434.jpg,3
2541,3600247673.jpg,3
2542,train-cmd-989.jpg,3
2543,2437048705.jpg,3
2544,2417276774.jpg,3
2545,2855378475.jpg,3
2546,1909072265.jpg,4
2547,train-cmd-106.jpg,3
2548,train-cbb-67.jpg,0
2549,2237345136.jpg,4
2550,1143022454.jpg,3
2551,377552461.jpg,0
2552,3192892221.jpg,3
2553,543908014.jpg,0
2554,3035759546.jpg,3
2555,1072326766.jpg,0
2556,3489269448.jpg,3
2557,2370587478.jpg,3
2558,2703475066.jpg,0
2559,3998419018.jpg,2
2560,3701789990.jpg,3
2561,3151081789.jpg,4
2562,2092954094.jpg,3
2563,2764763708.jpg,3
2564,3600939032.jpg,4
2565,1962633596.jpg,1
2566,3942244753.jpg,3
2567,1126189127.jpg,3
2568,3069848473.jpg,3
2569,train-cbsd-57.jpg,1
2570,train-cbsd-257.jpg,1
2571,2655690235.jpg,4
2572,train-cgm-611.jpg,2
2573,2870426573.jpg,3
2574,train-cgm-164.jpg,2
2575,2404812661.jpg,2
2576,1197828071.jpg,3
2577,train-cmd-1681.jpg,3
2578,3325640914.jpg,2
2579,3309053365.jpg,3
2580,840889363.jpg,3
2581,1468414187.jpg,3
2582,3022761015.jpg,4
2583,2153916773.jpg,3
2584,746746526.jpg,1
2585,3729162562.jpg,2
2586,1909520119.jpg,3
2587,2435051665.jpg,1
2588,3815372815.jpg,3
2589,1213716430.jpg,3
2590,4256968855.jpg,3
2591,2992877889.jpg,4
2592,1714701345.jpg,1
2593,4076735370.jpg,2
2594,4146139706.jpg,3
2595,1118350826.jpg,2
2596,train-healthy-93.jpg,4
2597,2535154640.jpg,3
2598,1930227281.jpg,3
2599,4037393509.jpg,4
2600,3883619228.jpg,3
2601,2897788070.jpg,4
2602,train-cgm-675.jpg,2
2603,train-cbsd-87.jpg,1
2604,train-cmd-2202.jpg,3
2605,1720653126.jpg,3
2606,train-cbsd-1010.jpg,1
2607,1807427029.jpg,3
2608,1249688756.jpg,4
2609,3004362957.jpg,3
2610,train-cmd-2089.jpg,3
2611,670541081.jpg,2
2612,3751355008.jpg,3
2613,4159206286.jpg,3
2614,train-cgm-528.jpg,2
2615,2061741988.jpg,4
2616,3447949159.jpg,2
2617,782115033.jpg,3
2618,3589419894.jpg,3
2619,1998802568.jpg,3
2620,940055437.jpg,4
2621,3162418489.jpg,0
2622,4011584654.jpg,3
2623,3115055353.jpg,3
2624,2086525919.jpg,3
2625,2210767635.jpg,1
2626,1313972896.jpg,3
2627,458279026.jpg,2
2628,3557422910.jpg,3
2629,train-cmd-87.jpg,3
2630,3769167654.jpg,3
2631,train-cmd-127.jpg,3
2632,3699200152.jpg,3
2633,2150392038.jpg,3
2634,614350420.jpg,3
2635,train-cgm-532.jpg,2
2636,1772260831.jpg,1
2637,3460883505.jpg,4
2638,1277473656.jpg,3
2639,138109251.jpg,3
2640,1622560138.jpg,2
2641,155660492.jpg,3
2642,1058931181.jpg,3
2643,2723503130.jpg,3
2644,3199885439.jpg,3
2645,train-cmd-2233.jpg,3
2646,1889796065.jpg,4
2647,1253224713.jpg,3
2648,2582422304.jpg,0
2649,115543947.jpg,3
2650,train-cmd-230.jpg,3
2651,train-cmd-1020.jpg,3
2652,train-cmd-1579.jpg,3
2653,3406720343.jpg,4
2654,train-cbb-118.jpg,0
2655,train-cmd-2059.jpg,3
2656,1546329958.jpg,1
2657,2597005911.jpg,2
2658,1968596086.jpg,4
2659,4255738008.jpg,2
2660,557056564.jpg,4
2661,1182217128.jpg,0
2662,3251222806.jpg,4
2663,938751255.jpg,2
2664,2541215311.jpg,2
2665,train-cgm-713.jpg,2
2666,train-cmd-2046.jpg,3
2667,2092244060.jpg,3
2668,870197588.jpg,3
2669,690163.jpg,3
2670,2282888474.jpg,3
2671,3773282185.jpg,3
2672,490933333.jpg,3
2673,3758808026.jpg,3
2674,1079432452.jpg,3
2675,1250105924.jpg,3
2676,3441360877.jpg,2
2677,1797517154.jpg,3
2678,train-cmd-2358.jpg,3
2679,1453190275.jpg,1
2680,train-cmd-1131.jpg,3
2681,2509010515.jpg,3
2682,3283292871.jpg,0
2683,train-cbsd-1082.jpg,1
2684,2690891696.jpg,3
2685,2853035567.jpg,3
2686,3055614106.jpg,3
2687,train-cmd-1289.jpg,3
2688,2864298311.jpg,3
2689,4079941284.jpg,2
2690,3118293114.jpg,4
2691,2612731695.jpg,3
2692,639060341.jpg,1
2693,4171363767.jpg,1
2694,1640734047.jpg,3
2695,1984779021.jpg,4
2696,1520150172.jpg,3
2697,1519283117.jpg,4
2698,3833092976.jpg,2
2699,800501715.jpg,0
2700,2102230404.jpg,3
2701,4266959009.jpg,4
2702,515191532.jpg,3
2703,705886704.jpg,3
2704,806670613.jpg,2
2705,2496639150.jpg,3
2706,2641912037.jpg,0
2707,train-cmd-2097.jpg,3
2708,2271999976.jpg,2
2709,2591792455.jpg,3
2710,3695696358.jpg,3
2711,618257527.jpg,4
2712,1899940648.jpg,3
2713,4134659314.jpg,1
2714,1212399275.jpg,3
2715,690399930.jpg,4
2716,471996434.jpg,4
2717,1352386013.jpg,3
2718,3743858641.jpg,3
2719,1756729974.jpg,2
2720,1218762874.jpg,3
2721,2145478515.jpg,3
2722,2174393587.jpg,0
2723,125037460.jpg,3
2724,3344155406.jpg,3
2725,1932176916.jpg,3
2726,2754537497.jpg,2
2727,train-cbsd-1403.jpg,1
2728,2004702183.jpg,1
2729,2526126082.jpg,3
2730,802266352.jpg,3
2731,2214549486.jpg,3
2732,3411630012.jpg,3
2733,train-cgm-654.jpg,2
2734,2975448123.jpg,3
2735,4167185859.jpg,2
2736,1887369957.jpg,2
2737,3831080704.jpg,4
2738,496523270.jpg,3
2739,2832912190.jpg,4
2740,2405023635.jpg,3
2741,2651038691.jpg,4
2742,771588286.jpg,3
2743,4220488715.jpg,0
2744,3318782289.jpg,3
2745,1462063941.jpg,3
2746,286905870.jpg,3
2747,1023663951.jpg,4
2748,3338093655.jpg,3
2749,2308841380.jpg,0
2750,795781797.jpg,2
2751,1893906773.jpg,0
2752,2729880246.jpg,3
2753,1785596731.jpg,0
2754,train-cbb-130.jpg,0
2755,2255664961.jpg,0
2756,1506710218.jpg,4
2757,train-cmd-1345.jpg,3
2758,1178068241.jpg,2
2759,3082518263.jpg,3
2760,697621030.jpg,0
2761,train-cgm-463.jpg,2
2762,3286502189.jpg,3
2763,train-cgm-10.jpg,2
2764,train-cmd-2400.jpg,3
2765,2310387550.jpg,1
2766,364424510.jpg,3
2767,1971427379.jpg,1
2768,3386258598.jpg,3
2769,609358362.jpg,4
2770,1713720885.jpg,3
2771,2755160950.jpg,3
2772,3565572156.jpg,3
2773,2042745547.jpg,3
2774,2832373366.jpg,3
2775,train-cbb-219.jpg,0
2776,2678764657.jpg,0
2777,train-cgm-700.jpg,2
2778,4083830732.jpg,3
2779,744348515.jpg,4
2780,train-cmd-1802.jpg,3
2781,498197766.jpg,3
2782,1943448568.jpg,2
2783,30215524.jpg,3
2784,2539159693.jpg,4
2785,361789228.jpg,2
2786,2862573284.jpg,4
2787,884672332.jpg,4
2788,2047764573.jpg,3
2789,train-cgm-16.jpg,2
2790,3864856074.jpg,3
2791,4199549961.jpg,3
2792,train-cmd-2268.jpg,3
2793,1192486665.jpg,3
2794,2807173695.jpg,1
2795,train-cmd-1959.jpg,3
2796,4098892948.jpg,3
2797,1854790191.jpg,4
2798,3624585.jpg,4
2799,1147474861.jpg,4
2800,train-cgm-606.jpg,2
2801,1482562306.jpg,3
2802,2141811305.jpg,3
2803,2089853591.jpg,3
2804,3361179403.jpg,3
2805,2857325941.jpg,2
2806,323293221.jpg,2
2807,559509734.jpg,3
2808,train-cmd-428.jpg,3
2809,170814157.jpg,2
2810,2415890746.jpg,3
2811,622587109.jpg,3
2812,1887031828.jpg,2
2813,2313023027.jpg,0
2814,1733437484.jpg,1
2815,train-cmd-273.jpg,3
2816,3451340587.jpg,3
2817,2434060194.jpg,1
2818,3693127282.jpg,0
2819,2281714249.jpg,3
2820,train-cgm-9.jpg,2
2821,1426129628.jpg,0
2822,train-cbb-227.jpg,0
2823,2889965946.jpg,0
2824,65344468.jpg,3
2825,923034542.jpg,3
2826,3889664923.jpg,0
2827,4004395307.jpg,1
2828,3100925014.jpg,2
2829,2463819050.jpg,4
2830,410771727.jpg,1
2831,2038191789.jpg,3
2832,3351939654.jpg,3
2833,1503534318.jpg,3
2834,4210262767.jpg,3
2835,2708009129.jpg,3
2836,245076718.jpg,2
2837,2476023220.jpg,3
2838,3476502562.jpg,3
2839,3330242957.jpg,3
2840,3838771516.jpg,3
2841,1433061380.jpg,2
2842,train-cmd-2362.jpg,3
2843,3690485201.jpg,3
2844,888503637.jpg,3
2845,327273475.jpg,0
2846,3186872066.jpg,2
2847,3633249375.jpg,3
2848,2773629343.jpg,3
2849,train-cbsd-483.jpg,1
2850,621131184.jpg,4
2851,823298994.jpg,1
2852,4133934896.jpg,3
2853,1705847181.jpg,3
2854,1261918701.jpg,2
2855,3626709069.jpg,3
2856,1131824490.jpg,3
2857,1544902048.jpg,3
2858,1874783019.jpg,3
2859,2193031874.jpg,3
2860,3970119375.jpg,3
2861,train-cmd-1950.jpg,3
2862,train-healthy-118.jpg,4
2863,1127322697.jpg,3
2864,3340093291.jpg,3
2865,train-cmd-1006.jpg,3
2866,3192657039.jpg,3
2867,1561953146.jpg,3
2868,2531124051.jpg,3
2869,3028069044.jpg,3
2870,668943288.jpg,3
2871,487107070.jpg,3
2872,703084766.jpg,3
2873,3276292509.jpg,3
2874,918535914.jpg,3
2875,1990899878.jpg,4
2876,train-cmd-1629.jpg,3
2877,3882450563.jpg,1
2878,2917202983.jpg,3
2879,1025557405.jpg,3
2880,train-cbsd-589.jpg,1
2881,1082887568.jpg,2
2882,3623375685.jpg,2
2883,1515903038.jpg,1
2884,3619872017.jpg,3
2885,train-cmd-2357.jpg,3
2886,3040337109.jpg,0
2887,3351580101.jpg,3
2888,1489381001.jpg,4
2889,2828195136.jpg,0
2890,1681299084.jpg,2
2891,3020106528.jpg,0
2892,train-cmd-1867.jpg,3
2893,3262402201.jpg,3
2894,train-cmd-372.jpg,3
2895,2963992866.jpg,3
2896,904192489.jpg,3
2897,3981449307.jpg,3
2898,2051265559.jpg,3
2899,train-cgm-193.jpg,2
2900,4147446952.jpg,3
2901,train-cmd-1929.jpg,3
2902,1351460531.jpg,2
2903,train-cbsd-1274.jpg,1
2904,train-cmd-1389.jpg,3
2905,2559116486.jpg,3
2906,3356619304.jpg,3
2907,241750365.jpg,3
2908,1367181542.jpg,3
2909,900067937.jpg,1
2910,2522608813.jpg,0
2911,train-cbsd-1185.jpg,1
2912,2432773311.jpg,3
2913,train-cbsd-366.jpg,1
2914,378698250.jpg,4
2915,train-cmd-1514.jpg,3
2916,394362390.jpg,3
2917,2717285878.jpg,3
2918,921975951.jpg,3
2919,4251933055.jpg,3
2920,4080358205.jpg,4
2921,2324363377.jpg,2
2922,train-cmd-1506.jpg,3
2923,1039176615.jpg,4
2924,train-healthy-313.jpg,4
2925,3057497709.jpg,2
2926,3423354338.jpg,2
2927,1766917625.jpg,1
2928,train-cmd-1565.jpg,3
2929,417840962.jpg,1
2930,train-cbsd-674.jpg,1
2931,1042661635.jpg,3
2932,2607724475.jpg,3
2933,382011834.jpg,3
2934,2977168485.jpg,2
2935,1116129173.jpg,1
2936,2637371791.jpg,3
2937,train-cbsd-1255.jpg,1
2938,1596278382.jpg,3
2939,1363807985.jpg,4
2940,2278281792.jpg,3
2941,587410113.jpg,3
2942,2059254361.jpg,4
2943,2901551439.jpg,3
2944,762558370.jpg,3
2945,2556137627.jpg,3
2946,2741950720.jpg,3
2947,2505719500.jpg,4
2948,train-cmd-118.jpg,3
2949,3313004189.jpg,3
2950,618683385.jpg,4
2951,2428617984.jpg,0
2952,2621976990.jpg,3
2953,3219471796.jpg,3
2954,2328271212.jpg,3
2955,1868574400.jpg,2
2956,1710665856.jpg,3
2957,3812383679.jpg,3
2958,3766694497.jpg,3
2959,3015865216.jpg,3
2960,708824087.jpg,3
2961,201201648.jpg,3
2962,3466388717.jpg,3
2963,3400049406.jpg,3
2964,1303557485.jpg,3
2965,3793364086.jpg,4
2966,773722195.jpg,3
2967,2480590755.jpg,4
2968,train-cmd-1896.jpg,3
2969,1943654053.jpg,3
2970,1783361886.jpg,3
2971,3340494007.jpg,0
2972,train-cmd-1048.jpg,3
2973,2591512488.jpg,1
2974,3105262918.jpg,3
2975,train-cbb-144.jpg,0
2976,train-healthy-62.jpg,4
2977,1570036364.jpg,4
2978,3559005240.jpg,3
2979,846123439.jpg,3
2980,train-cbsd-66.jpg,1
2981,2483366059.jpg,3
2982,1069065600.jpg,3
2983,1823721668.jpg,3
2984,1648964823.jpg,3
2985,3357188995.jpg,2
2986,321810144.jpg,3
2987,train-cmd-1813.jpg,3
2988,train-cmd-719.jpg,3
2989,2349445674.jpg,3
2990,train-cbsd-806.jpg,1
2991,3828986510.jpg,3
2992,2907281169.jpg,3
2993,train-cbb-393.jpg,0
2994,3126696143.jpg,4
2995,2838507101.jpg,4
2996,train-healthy-23.jpg,4
2997,train-cmd-2288.jpg,3
2998,3714240352.jpg,1
2999,2001457610.jpg,3
3000,train-cbsd-1329.jpg,1
3001,1962378954.jpg,3
3002,3072161294.jpg,3
3003,train-cmd-2532.jpg,3
3004,2520831403.jpg,3
3005,3066634171.jpg,3
3006,3813040999.jpg,3
3007,train-healthy-12.jpg,4
3008,train-cmd-2054.jpg,3
3009,train-cbsd-181.jpg,1
3010,380002014.jpg,2
3011,3538960735.jpg,2
3012,343101443.jpg,3
3013,3402340235.jpg,3
3014,3865170534.jpg,3
3015,2849259424.jpg,3
3016,907691648.jpg,3
3017,2050151194.jpg,4
3018,train-cbb-296.jpg,0
3019,1190231109.jpg,3
3020,1275321010.jpg,3
3021,724656877.jpg,2
3022,3994849052.jpg,3
3023,2156386788.jpg,4
3024,2614282441.jpg,3
3025,1538926850.jpg,2
3026,2054719137.jpg,3
3027,66720017.jpg,3
3028,3101645005.jpg,3
3029,3878867821.jpg,3
3030,745135323.jpg,1
3031,1220365722.jpg,3
3032,3688916094.jpg,3
3033,2056839609.jpg,3
3034,3743464955.jpg,2
3035,3656419119.jpg,0
3036,4049438636.jpg,3
3037,3137997905.jpg,3
3038,146049240.jpg,3
3039,1788775599.jpg,3
3040,2839492411.jpg,2
3041,train-healthy-219.jpg,4
3042,1814991024.jpg,1
3043,2079838648.jpg,4
3044,657747231.jpg,1
3045,train-cmd-427.jpg,3
3046,726063333.jpg,3
3047,1436699751.jpg,4
3048,1394172142.jpg,4
3049,1339606936.jpg,3
3050,2162461644.jpg,2
3051,692022283.jpg,2
3052,3072539565.jpg,3
3053,363909221.jpg,3
3054,224577938.jpg,3
3055,2055911260.jpg,2
3056,2908850591.jpg,4
3057,train-cbsd-229.jpg,1
3058,2879533575.jpg,4
3059,1729679057.jpg,3
3060,2255164475.jpg,3
3061,672149291.jpg,4
3062,3191274160.jpg,3
3063,2199327268.jpg,4
3064,2186683331.jpg,3
3065,2173189120.jpg,3
3066,148723715.jpg,1
3067,train-cmd-1066.jpg,3
3068,1690643039.jpg,3
3069,447702060.jpg,2
3070,2763682607.jpg,3
3071,train-cmd-1247.jpg,3
3072,2582937466.jpg,1
3073,1924319462.jpg,3
3074,3792533899.jpg,3
3075,1211633180.jpg,1
3076,1174112023.jpg,3
3077,train-cmd-1724.jpg,3
3078,3901106289.jpg,4
3079,2660718512.jpg,1
3080,203193692.jpg,4
3081,1500617543.jpg,3
3082,240469234.jpg,3
3083,3980286599.jpg,3
3084,2986944495.jpg,3
3085,train-cmd-149.jpg,3
3086,307220066.jpg,3
3087,1701525099.jpg,3
3088,4283277874.jpg,3
3089,852760236.jpg,3
3090,3410015128.jpg,1
3091,3036253841.jpg,3
3092,3567421807.jpg,4
3093,train-cgm-699.jpg,2
3094,2757749488.jpg,4
3095,train-cmd-608.jpg,3
3096,1124741083.jpg,4
3097,2563710464.jpg,3
3098,3070263575.jpg,1
3099,train-cbsd-465.jpg,1
3100,train-cmd-1361.jpg,3
3101,1934754539.jpg,2
3102,train-cbsd-1341.jpg,1
3103,2194549987.jpg,2
3104,train-cbb-269.jpg,0
3105,1227531167.jpg,4
3106,742898185.jpg,3
3107,3444347549.jpg,3
3108,2809677329.jpg,4
3109,473358865.jpg,3
3110,2489474149.jpg,3
3111,train-cgm-431.jpg,2
3112,325724321.jpg,2
3113,2002041834.jpg,3
3114,3260026666.jpg,3
3115,626727559.jpg,1
3116,4118106145.jpg,3
3117,2945358749.jpg,4
3118,2426854829.jpg,3
3119,3836281199.jpg,3
3120,534364866.jpg,2
3121,1817546498.jpg,3
3122,2633432586.jpg,3
3123,3113752030.jpg,3
3124,3656044201.jpg,3
3125,2780906480.jpg,3
3126,2223402762.jpg,3
3127,train-cbsd-500.jpg,1
3128,train-cgm-585.jpg,2
3129,1213348737.jpg,2
3130,3680730549.jpg,4
3131,4048354655.jpg,3
3132,train-cmd-2000.jpg,3
3133,1338879378.jpg,3
3134,4174350664.jpg,3
3135,4223515593.jpg,4
3136,384122684.jpg,3
3137,train-healthy-292.jpg,4
3138,3647735432.jpg,3
3139,1293402299.jpg,3
3140,train-cmd-1436.jpg,3
3141,2895265438.jpg,3
3142,train-cmd-863.jpg,3
3143,3456979841.jpg,2
3144,2828604531.jpg,3
3145,1587460202.jpg,2
3146,3385271207.jpg,0
3147,1297867546.jpg,3
3148,3157980868.jpg,3
3149,3362918699.jpg,3
3150,1493639803.jpg,3
3151,train-cbsd-562.jpg,1
3152,3022167144.jpg,3
3153,144778428.jpg,4
3154,train-cmd-2374.jpg,3
3155,1172769653.jpg,3
3156,2971020964.jpg,3
3157,4062558073.jpg,3
3158,2653828415.jpg,0
3159,2538957278.jpg,3
3160,train-cbsd-564.jpg,1
3161,3524470850.jpg,2
3162,train-cbsd-1393.jpg,1
3163,253584137.jpg,3
3164,2841497456.jpg,2
3165,491402925.jpg,3
3166,train-cmd-2168.jpg,3
3167,2708069628.jpg,3
3168,2101057157.jpg,3
3169,4011347600.jpg,3
3170,2792568356.jpg,3
3171,147058764.jpg,3
3172,731897320.jpg,3
3173,3579477391.jpg,3
3174,3018850409.jpg,1
3175,2760326130.jpg,3
3176,2026837055.jpg,1
3177,3034143541.jpg,3
3178,3798348479.jpg,0
3179,948559323.jpg,0
3180,2027426362.jpg,0
3181,2610411314.jpg,3
3182,1427453131.jpg,3
3183,1947904134.jpg,4
3184,394906774.jpg,3
3185,train-cgm-373.jpg,2
3186,2225362356.jpg,2
3187,1354380890.jpg,3
3188,64732457.jpg,3
3189,train-cgm-310.jpg,2
3190,train-cmd-1137.jpg,3
3191,train-cmd-2404.jpg,3
3192,3409781631.jpg,3
3193,train-cmd-2229.jpg,3
3194,2850586087.jpg,3
3195,3066358894.jpg,3
3196,train-cbsd-956.jpg,1
3197,2656378111.jpg,3
3198,train-cbsd-3.jpg,1
3199,1129668095.jpg,3
3200,1507118084.jpg,1
3201,train-cbsd-306.jpg,1
3202,4019472268.jpg,1
3203,2847604591.jpg,1
3204,train-cbsd-669.jpg,1
3205,2611538307.jpg,3
3206,train-cmd-1378.jpg,3
3207,3402428593.jpg,3
3208,4046910331.jpg,4
3209,3110823756.jpg,4
3210,1843885965.jpg,4
3211,train-cbsd-627.jpg,1
3212,4173729579.jpg,4
3213,665859596.jpg,1
3214,4187343844.jpg,4
3215,334306326.jpg,3
3216,71913940.jpg,3
3217,2556565075.jpg,4
3218,33354579.jpg,1
3219,3971124978.jpg,2
3220,4166481906.jpg,3
3221,1981710530.jpg,3
3222,4270972443.jpg,4
3223,train-cmd-2537.jpg,3
3224,train-cbsd-553.jpg,1
3225,3583911271.jpg,3
3226,369335156.jpg,3
3227,train-cmd-759.jpg,3
3228,3553494327.jpg,2
3229,1653263130.jpg,3
3230,train-cmd-1536.jpg,3
3231,4255452857.jpg,3
3232,train-cmd-958.jpg,3
3233,3961078700.jpg,3
3234,3398058834.jpg,3
3235,442207015.jpg,3
3236,1644070487.jpg,3
3237,2837844758.jpg,3
3238,405707941.jpg,2
3239,4072800453.jpg,3
3240,2977510459.jpg,3
3241,4175885310.jpg,3
3242,3985864340.jpg,3
3243,851594010.jpg,2
3244,1079514795.jpg,3
3245,25671501.jpg,3
3246,895356426.jpg,3
3247,940939729.jpg,4
3248,train-cmd-2213.jpg,3
3249,1077343678.jpg,3
3250,2091719066.jpg,3
3251,232455109.jpg,3
3252,3687520197.jpg,4
3253,3294105738.jpg,3
3254,2214274684.jpg,3
3255,train-cbsd-651.jpg,1
3256,463752462.jpg,3
3257,2590893503.jpg,4
3258,2363876120.jpg,4
3259,2677719734.jpg,3
3260,1085038226.jpg,4
3261,2803736374.jpg,2
3262,1828088988.jpg,3
3263,train-cmd-830.jpg,3
3264,824766892.jpg,3
3265,1805115397.jpg,0
3266,1110416706.jpg,3
3267,3459158750.jpg,3
3268,631859689.jpg,2
3269,3140086152.jpg,3
3270,3917172098.jpg,4
3271,3146496839.jpg,3
3272,1880302534.jpg,3
3273,272311882.jpg,3
3274,183482317.jpg,2
3275,2269881726.jpg,3
3276,58559275.jpg,4
3277,2202498219.jpg,1
3278,1424456827.jpg,3
3279,1409467593.jpg,3
3280,3709699332.jpg,3
3281,1633620342.jpg,4
3282,3754516672.jpg,4
3283,train-cbsd-1041.jpg,1
3284,616937230.jpg,3
3285,train-cmd-2207.jpg,3
3286,1926670152.jpg,0
3287,1892210616.jpg,3
3288,362695786.jpg,2
3289,1578564024.jpg,0
3290,546947132.jpg,3
3291,1123847730.jpg,1
3292,884612746.jpg,4
3293,2228138892.jpg,3
3294,386292765.jpg,3
3295,2029017692.jpg,3
3296,train-cgm-589.jpg,2
3297,761651651.jpg,2
3298,1369983957.jpg,3
3299,2870340497.jpg,1
3300,958465343.jpg,3
3301,1579515539.jpg,1
3302,2225883353.jpg,2
3303,train-cbsd-1029.jpg,1
3304,3267552912.jpg,3
3305,2876258048.jpg,1
3306,876612201.jpg,3
3307,3637332157.jpg,3
3308,train-cbsd-1246.jpg,1
3309,3068359463.jpg,3
3310,3533486523.jpg,4
3311,2875203815.jpg,4
3312,2232905491.jpg,4
3313,3748568863.jpg,3
3314,1898762161.jpg,2
3315,1469715307.jpg,1
3316,3838519719.jpg,2
3317,train-cbsd-113.jpg,1
3318,1331226893.jpg,4
3319,2866368474.jpg,2
3320,train-cbsd-726.jpg,1
3321,3220061337.jpg,3
3322,2241577548.jpg,3
3323,train-cbb-351.jpg,0
3324,train-cbsd-584.jpg,1
3325,train-cbb-388.jpg,0
3326,1740009337.jpg,3
3327,train-cbsd-62.jpg,1
3328,4230253873.jpg,2
3329,train-cgm-243.jpg,2
3330,train-cmd-1482.jpg,3
3331,train-cbsd-737.jpg,1
3332,2772805296.jpg,3
3333,1464735007.jpg,3
3334,2773412465.jpg,3
3335,train-cmd-1953.jpg,3
3336,566159695.jpg,4
3337,train-cgm-185.jpg,2
3338,1590215798.jpg,3
3339,3068895856.jpg,1
3340,1797305477.jpg,3
3341,870967605.jpg,3
3342,1568245644.jpg,4
3343,3551086821.jpg,1
3344,train-cbsd-1074.jpg,1
3345,train-cmd-323.jpg,3
3346,2548136673.jpg,4
3347,2698125226.jpg,3
3348,3757788841.jpg,3
3349,4106389238.jpg,4
3350,2744104425.jpg,3
3351,2233774381.jpg,3
3352,3413715358.jpg,4
3353,2802072434.jpg,3
3354,3422756299.jpg,3
3355,1927108127.jpg,3
3356,1227161199.jpg,3
3357,4084071481.jpg,1
3358,3664478040.jpg,4
3359,train-cmd-1745.jpg,3
3360,train-cmd-765.jpg,3
3361,527648295.jpg,3
3362,2083398959.jpg,3
3363,train-cmd-1028.jpg,3
3364,3942542694.jpg,3
3365,2247618278.jpg,4
3366,3384036560.jpg,3
3367,1673785901.jpg,1
3368,3762341470.jpg,3
3369,4042496889.jpg,2
3370,train-cgm-302.jpg,2
3371,3743477008.jpg,3
3372,4164175215.jpg,3
3373,2226438384.jpg,2
3374,3330987820.jpg,3
3375,3605939235.jpg,3
3376,1155507570.jpg,4
3377,3533779400.jpg,3
3378,3083613226.jpg,3
3379,1191974622.jpg,1
3380,3466379543.jpg,3
3381,1867590389.jpg,2
3382,3141772785.jpg,3
3383,1019366633.jpg,4
3384,980401006.jpg,1
3385,1758073225.jpg,3
3386,train-cmd-1151.jpg,3
3387,1847878372.jpg,3
3388,1277648239.jpg,3
3389,544885077.jpg,1
3390,94536090.jpg,3
3391,394700634.jpg,3
3392,942420393.jpg,3
3393,3846724248.jpg,3
3394,1333580402.jpg,0
3395,718324300.jpg,3
3396,3178152218.jpg,3
3397,1331136359.jpg,3
3398,3013359895.jpg,3
3399,1162161027.jpg,3
3400,3929091708.jpg,1
3401,train-cmd-687.jpg,3
3402,4165541319.jpg,0
3403,2783143835.jpg,4
3404,2496707539.jpg,3
3405,165230387.jpg,3
3406,2398447662.jpg,3
3407,136000699.jpg,2
3408,88427642.jpg,2
3409,1045545977.jpg,4
3410,3405285507.jpg,4
3411,2420155163.jpg,3
3412,train-cbsd-1042.jpg,1
3413,3203940789.jpg,1
3414,train-cmd-390.jpg,3
3415,train-cbb-287.jpg,0
3416,4010133596.jpg,3
3417,795280732.jpg,3
3418,3363529103.jpg,3
3419,1232087196.jpg,3
3420,2194916526.jpg,3
3421,2536929613.jpg,3
3422,train-cmd-303.jpg,3
3423,train-cbsd-448.jpg,1
3424,3516555909.jpg,3
3425,2698127956.jpg,0
3426,2884358807.jpg,3
3427,4044829046.jpg,3
3428,2891895109.jpg,3
3429,1688625660.jpg,4
3430,4112721304.jpg,3
3431,1787178614.jpg,3
3432,1969558771.jpg,3
3433,2517495253.jpg,0
3434,3206142630.jpg,3
3435,1430503629.jpg,3
3436,491341032.jpg,3
3437,4117129692.jpg,2
3438,1097206620.jpg,3
3439,2973656190.jpg,3
3440,3035716224.jpg,4
3441,1468956117.jpg,3
3442,1783550319.jpg,3
3443,4267879183.jpg,3
3444,720776367.jpg,3
3445,train-cmd-649.jpg,3
3446,train-cbsd-318.jpg,1
3447,920401054.jpg,3
3448,2303070884.jpg,3
3449,1289615657.jpg,3
3450,3611370404.jpg,0
3451,train-cmd-1737.jpg,3
3452,2234221282.jpg,2
3453,3602788146.jpg,3
3454,2154958086.jpg,2
3455,train-cbsd-1163.jpg,1
3456,3517580594.jpg,2
3457,2084810608.jpg,4
3458,525960141.jpg,3
3459,636890802.jpg,3
3460,3086931192.jpg,3
3461,1774534152.jpg,3
3462,3630665946.jpg,4
3463,857728426.jpg,1
3464,2138380512.jpg,3
3465,2242172318.jpg,1
3466,1685873117.jpg,4
3467,train-cmd-122.jpg,3
3468,901886086.jpg,3
3469,2082079788.jpg,3
3470,3333295936.jpg,3
3471,3651348948.jpg,3
3472,2781831798.jpg,4
3473,891029839.jpg,3
3474,2905371700.jpg,1
3475,3750860803.jpg,3
3476,2875803913.jpg,4
3477,2501671666.jpg,3
3478,2524417076.jpg,2
3479,458696690.jpg,1
3480,1151214071.jpg,3
3481,3964124529.jpg,2
3482,train-cmd-546.jpg,3
3483,train-cbsd-214.jpg,1
3484,2814110905.jpg,1
3485,3484015955.jpg,3
3486,2045580929.jpg,3
3487,2872930552.jpg,2
3488,4136929395.jpg,3
3489,2732825636.jpg,1
3490,1622141266.jpg,2
3491,3544220328.jpg,4
3492,3395726663.jpg,4
3493,3311545583.jpg,3
3494,909719809.jpg,3
3495,3789412331.jpg,3
3496,1300599354.jpg,4
3497,920981656.jpg,3
3498,2570786789.jpg,1
3499,train-cgm-764.jpg,2
3500,3913823345.jpg,3
3501,train-cmd-271.jpg,3
3502,425235104.jpg,3
3503,505261633.jpg,3
3504,train-cbb-279.jpg,0
3505,train-cmd-789.jpg,3
3506,224203532.jpg,3
3507,2622575097.jpg,3
3508,1991065222.jpg,2
3509,train-cbb-438.jpg,0
3510,train-cmd-2017.jpg,3
3511,2430296671.jpg,3
3512,58446146.jpg,3
3513,1234218765.jpg,4
3514,2828575652.jpg,3
3515,3671711005.jpg,3
3516,963450221.jpg,4
3517,1961471399.jpg,3
3518,2717138442.jpg,0
3519,1584698721.jpg,0
3520,3007566713.jpg,0
3521,1663857014.jpg,2
3522,4208734427.jpg,3
3523,2627491487.jpg,1
3524,285610834.jpg,3
3525,1622070201.jpg,2
3526,2705031352.jpg,3
3527,3772118108.jpg,3
3528,2742114843.jpg,3
3529,3490931185.jpg,0
3530,3122760139.jpg,4
3531,699957994.jpg,3
3532,672387843.jpg,3
3533,3143201252.jpg,4
3534,3611961543.jpg,4
3535,train-cmd-173.jpg,3
3536,train-cgm-384.jpg,2
3537,1565226481.jpg,3
3538,336544470.jpg,3
3539,3022052260.jpg,1
3540,3938349285.jpg,0
3541,1022850256.jpg,3
3542,train-cmd-1570.jpg,3
3543,82972530.jpg,3
3544,2543606429.jpg,3
3545,2627477973.jpg,3
3546,3937688223.jpg,3
3547,train-healthy-207.jpg,4
3548,3410500965.jpg,2
3549,3951881914.jpg,3
3550,780018709.jpg,1
3551,train-cbsd-728.jpg,1
3552,train-cmd-403.jpg,3
3553,1992010319.jpg,3
3554,train-cmd-2590.jpg,3
3555,train-cmd-513.jpg,3
3556,4213617078.jpg,3
3557,3053713467.jpg,3
3558,191599460.jpg,3
3559,2073620456.jpg,2
3560,train-cbsd-1212.jpg,1
3561,train-cgm-562.jpg,2
3562,train-cmd-2489.jpg,3
3563,train-cmd-2594.jpg,3
3564,2761141056.jpg,3
3565,2343109986.jpg,1
3566,976955239.jpg,3
3567,2893109230.jpg,3
3568,1007891044.jpg,3
3569,1498477767.jpg,0
3570,3989450757.jpg,0
3571,3240436783.jpg,1
3572,2146047355.jpg,3
3573,train-cgm-249.jpg,2
3574,train-cmd-1637.jpg,3
3575,382224277.jpg,3
3576,302898400.jpg,1
3577,train-cbsd-166.jpg,1
3578,3980819954.jpg,4
3579,train-cbsd-63.jpg,1
3580,train-cbsd-154.jpg,1
3581,1708910636.jpg,4
3582,3708133019.jpg,3
3583,train-cbsd-246.jpg,1
3584,2612434073.jpg,3
3585,3939103661.jpg,3
3586,3520135769.jpg,3
3587,1050263382.jpg,3
3588,1716516140.jpg,3
3589,489869560.jpg,3
3590,297419714.jpg,3
3591,3316789883.jpg,3
3592,3983529541.jpg,4
3593,776814328.jpg,3
3594,1883840872.jpg,3
3595,4263534897.jpg,3
3596,train-cmd-1204.jpg,3
3597,train-cgm-584.jpg,2
3598,2604713994.jpg,1
3599,2092002351.jpg,3
3600,2324445131.jpg,3
3601,4058647833.jpg,3
3602,train-healthy-295.jpg,4
3603,135254587.jpg,1
3604,1430189615.jpg,2
3605,911144460.jpg,3
3606,51284514.jpg,3
3607,919127864.jpg,1
3608,2401911774.jpg,1
3609,3274661195.jpg,1
3610,train-cmd-51.jpg,3
3611,596706595.jpg,3
3612,2314978790.jpg,3
3613,train-cmd-1340.jpg,3
3614,829835342.jpg,3
3615,train-cmd-2526.jpg,3
3616,2291300428.jpg,4
3617,2823421970.jpg,3
3618,train-cgm-448.jpg,2
3619,train-cbsd-238.jpg,1
3620,2258065803.jpg,4
3621,3183016038.jpg,3
3622,train-cmd-2363.jpg,3
3623,3883954527.jpg,3
3624,2220433108.jpg,3
3625,1146074650.jpg,3
3626,3053354848.jpg,3
3627,train-cmd-2610.jpg,3
3628,train-cbb-109.jpg,0
3629,1564059407.jpg,3
3630,train-cbsd-1224.jpg,1
3631,1478666869.jpg,4
3632,3340196015.jpg,3
3633,994252979.jpg,3
3634,3774493586.jpg,3
3635,2437959536.jpg,3
3636,train-cbsd-1355.jpg,1
3637,3116212268.jpg,2
3638,3993445930.jpg,1
3639,1786887727.jpg,3
3640,2236683337.jpg,1
3641,3547680343.jpg,4
3642,train-cmd-1503.jpg,3
3643,794333846.jpg,3
3644,2450090020.jpg,3
3645,2345003518.jpg,1
3646,2480234576.jpg,1
3647,2195305103.jpg,1
3648,3561279698.jpg,3
3649,train-cgm-540.jpg,2
3650,4103177818.jpg,3
3651,1779392681.jpg,3
3652,train-cmd-1053.jpg,3
3653,2785108032.jpg,3
3654,train-cbsd-603.jpg,1
3655,1352603733.jpg,3
3656,1951683874.jpg,1
3657,126925997.jpg,3
3658,2983732165.jpg,3
3659,241282085.jpg,2
3660,840009401.jpg,3
3661,train-cgm-271.jpg,2
3662,616745238.jpg,3
3663,1943662922.jpg,3
3664,1788926581.jpg,3
3665,train-cbsd-550.jpg,1
3666,train-cmd-2165.jpg,3
3667,3704210007.jpg,4
3668,train-cbb-406.jpg,0
3669,2313719569.jpg,3
3670,3521763231.jpg,2
3671,2128581284.jpg,4
3672,2105492888.jpg,3
3673,train-cmd-2609.jpg,3
3674,train-cbb-12.jpg,0
3675,1377320047.jpg,3
3676,2451005866.jpg,4
3677,train-cmd-123.jpg,3
3678,598088658.jpg,3
3679,1616411405.jpg,3
3680,2429776876.jpg,2
3681,2384802478.jpg,0
3682,1261642510.jpg,1
3683,1323935440.jpg,3
3684,4192933342.jpg,3
3685,352708690.jpg,3
3686,3298093070.jpg,3
3687,616740640.jpg,4
3688,1634815405.jpg,1
3689,2813723824.jpg,0
3690,3125522990.jpg,2
3691,3822423166.jpg,3
3692,4114035268.jpg,3
3693,train-cbsd-250.jpg,1
3694,2263561616.jpg,2
3695,2173499031.jpg,3
3696,3099914588.jpg,4
3697,3028257069.jpg,3
3698,4250231606.jpg,3
3699,1629130822.jpg,3
3700,4255275522.jpg,3
3701,3882458242.jpg,3
3702,736834551.jpg,4
3703,3318136026.jpg,3
3704,264791507.jpg,2
3705,3219569392.jpg,4
3706,3420404935.jpg,3
3707,1401473494.jpg,3
3708,1928678720.jpg,1
3709,1575013487.jpg,3
3710,train-cbsd-1346.jpg,1
3711,4117539669.jpg,3
3712,485328354.jpg,3
3713,1313039014.jpg,3
3714,3183645575.jpg,1
3715,3864050647.jpg,4
3716,2236456685.jpg,3
3717,2462876995.jpg,3
3718,train-cmd-1632.jpg,3
3719,1228648727.jpg,1
3720,548412421.jpg,3
3721,3510615761.jpg,3
3722,3769300962.jpg,0
3723,train-cmd-2009.jpg,3
3724,2640224764.jpg,3
3725,960773451.jpg,1
3726,22341045.jpg,2
3727,1884499886.jpg,4
3728,train-cmd-2139.jpg,3
3729,train-cmd-1859.jpg,3
3730,train-cbb-120.jpg,0
3731,2053738846.jpg,2
3732,1941107919.jpg,3
3733,1369758830.jpg,3
3734,train-cbb-320.jpg,0
3735,train-cmd-1158.jpg,3
3736,train-cbsd-839.jpg,1
3737,1385082833.jpg,3
3738,1165463551.jpg,3
3739,1654306295.jpg,3
3740,959014862.jpg,3
3741,3336158925.jpg,3
3742,3471257556.jpg,3
3743,3971043257.jpg,3
3744,2689732222.jpg,3
3745,323586160.jpg,3
3746,train-cmd-806.jpg,3
3747,1503342057.jpg,2
3748,4074847622.jpg,3
3749,935569912.jpg,3
3750,train-cbsd-927.jpg,1
3751,train-cgm-577.jpg,2
3752,train-healthy-198.jpg,4
3753,875836279.jpg,3
3754,3505403837.jpg,3
3755,2400087908.jpg,3
3756,train-cmd-132.jpg,3
3757,81000729.jpg,3
3758,1492566436.jpg,3
3759,2218724799.jpg,3
3760,2095602074.jpg,1
3761,train-healthy-161.jpg,4
3762,train-cmd-2558.jpg,3
3763,4120741228.jpg,3
3764,train-healthy-174.jpg,4
3765,2580905248.jpg,3
3766,train-cmd-535.jpg,3
3767,3942445509.jpg,3
3768,792105357.jpg,3
3769,3327914155.jpg,3
3770,2042810761.jpg,3
3771,train-cmd-1295.jpg,3
3772,train-cbsd-222.jpg,1
3773,train-cmd-1606.jpg,3
3774,1332855741.jpg,3
3775,2473268326.jpg,0
3776,280102380.jpg,3
3777,3604705495.jpg,3
3778,709285563.jpg,3
3779,train-cgm-115.jpg,2
3780,train-healthy-226.jpg,4
3781,693711677.jpg,3
3782,2231591704.jpg,4
3783,1746609876.jpg,3
3784,train-cbsd-763.jpg,1
3785,122168686.jpg,3
3786,484625436.jpg,3
3787,3775008056.jpg,3
3788,4056070889.jpg,3
3789,train-cmd-2474.jpg,3
3790,1691598037.jpg,3
3791,660374182.jpg,3
3792,486088821.jpg,2
3793,277345208.jpg,3
3794,2542075685.jpg,2
3795,2163281574.jpg,2
3796,3047654615.jpg,3
3797,train-cmd-1124.jpg,3
3798,train-cmd-160.jpg,3
3799,228813947.jpg,3
3800,1589109993.jpg,1
3801,1088104223.jpg,2
3802,train-cmd-685.jpg,3
3803,4177392079.jpg,0
3804,3572465399.jpg,3
3805,1009489704.jpg,3
3806,2618280590.jpg,4
3807,1099869110.jpg,3
3808,214640752.jpg,3
3809,2260651595.jpg,1
3810,train-cbsd-54.jpg,1
3811,4171069852.jpg,3
3812,677816697.jpg,3
3813,train-cmd-1537.jpg,3
3814,4204029505.jpg,1
3815,232481441.jpg,3
3816,1116856972.jpg,3
3817,3212686305.jpg,1
3818,1264302367.jpg,4
3819,3786156285.jpg,3
3820,1152631724.jpg,0
3821,1237818538.jpg,3
3822,1489537317.jpg,3
3823,3487169055.jpg,3
3824,3723127234.jpg,3
3825,3028978294.jpg,3
3826,3541933479.jpg,4
3827,train-cmd-1582.jpg,3
3828,1673707752.jpg,3
3829,train-cbb-308.jpg,0
3830,train-cmd-1194.jpg,3
3831,train-cbb-401.jpg,0
3832,1021655183.jpg,2
3833,3473324487.jpg,3
3834,1616161207.jpg,3
3835,4115111691.jpg,3
3836,train-cbsd-648.jpg,1
3837,train-cmd-923.jpg,3
3838,train-cgm-623.jpg,2
3839,543312121.jpg,3
3840,2182247433.jpg,3
3841,3002612544.jpg,1
3842,3692346350.jpg,3
3843,train-cgm-130.jpg,2
3844,3656310012.jpg,3
3845,4103867773.jpg,4
3846,3126169965.jpg,1
3847,train-cmd-1884.jpg,3
3848,3742361352.jpg,3
3849,3986748411.jpg,0
3850,3011135246.jpg,2
3851,1791690921.jpg,3
3852,1425154910.jpg,2
3853,2766668976.jpg,3
3854,train-cbb-208.jpg,0
3855,train-cgm-770.jpg,2
3856,1158465741.jpg,3
3857,3013103054.jpg,1
3858,train-cbsd-856.jpg,1
3859,train-cmd-478.jpg,3
3860,2906227978.jpg,3
3861,3254091350.jpg,3
3862,1331260806.jpg,4
3863,3506387687.jpg,3
3864,2894076283.jpg,3
3865,train-cbsd-655.jpg,1
3866,2202207984.jpg,3
3867,train-cbsd-912.jpg,1
3868,66458318.jpg,1
3869,570526420.jpg,2
3870,train-cbsd-469.jpg,1
3871,2518535006.jpg,2
3872,2985998883.jpg,3
3873,813017538.jpg,3
3874,train-cgm-68.jpg,2
3875,train-cmd-650.jpg,3
3876,3829295052.jpg,2
3877,1785258924.jpg,3
3878,train-cmd-327.jpg,3
3879,train-cgm-530.jpg,2
3880,1681477511.jpg,3
3881,3345887379.jpg,4
3882,2594655853.jpg,3
3883,3082980433.jpg,3
3884,2941037051.jpg,3
3885,53955129.jpg,3
3886,670877458.jpg,4
3887,3485931790.jpg,2
3888,1395866975.jpg,4
3889,3181053389.jpg,3
3890,1421692593.jpg,3
3891,433273878.jpg,2
3892,train-cbsd-1384.jpg,1
3893,3954387963.jpg,2
3894,train-cmd-1227.jpg,3
3895,3959151804.jpg,3
3896,396350327.jpg,3
3897,3986415473.jpg,3
3898,train-cmd-2025.jpg,3
3899,train-cmd-2328.jpg,3
3900,3543731892.jpg,2
3901,train-cbsd-1296.jpg,1
3902,4120960004.jpg,3
3903,1892378935.jpg,4
3904,529641068.jpg,2
3905,1635358503.jpg,3
3906,train-cbsd-1399.jpg,1
3907,train-cmd-2173.jpg,3
3908,1931631736.jpg,3
3909,4287278405.jpg,1
3910,2649484487.jpg,3
3911,1327766969.jpg,1
3912,3302742656.jpg,3
3913,2878649203.jpg,4
3914,3699512087.jpg,3
3915,3892421662.jpg,3
3916,train-cbsd-520.jpg,1
3917,1479739689.jpg,3
3918,1751949402.jpg,3
3919,898210047.jpg,3
3920,1395467521.jpg,3
3921,940947597.jpg,3
3922,3089245130.jpg,1
3923,train-cbsd-134.jpg,1
3924,train-cgm-717.jpg,2
3925,1804238623.jpg,4
3926,train-cmd-102.jpg,3
3927,631890170.jpg,3
3928,3901047977.jpg,3
3929,1142064548.jpg,3
3930,1516892212.jpg,3
3931,927566387.jpg,3
3932,1359619982.jpg,3
3933,185826608.jpg,3
3934,1840408344.jpg,4
3935,4242325516.jpg,2
3936,3918738167.jpg,2
3937,1556497496.jpg,3
3938,train-cgm-391.jpg,2
3939,3295550498.jpg,1
3940,1120732120.jpg,3
3941,4079437688.jpg,3
3942,1389283574.jpg,3
3943,1261588898.jpg,3
3944,3772677160.jpg,4
3945,train-cgm-468.jpg,2
3946,1293629264.jpg,4
3947,878287964.jpg,1
3948,2933075952.jpg,2
3949,train-cbsd-1407.jpg,1
3950,180644120.jpg,3
3951,1230974910.jpg,3
3952,3948578342.jpg,3
3953,1352630748.jpg,3
3954,391259058.jpg,3
3955,train-cmd-84.jpg,3
3956,train-cbsd-219.jpg,1
3957,train-cbsd-1138.jpg,1
3958,2455356722.jpg,3
3959,2368293365.jpg,2
3960,2597318244.jpg,4
3961,837412690.jpg,4
3962,3938379090.jpg,1
3963,871333676.jpg,3
3964,2124278759.jpg,3
3965,2002346677.jpg,3
3966,3528124006.jpg,3
3967,train-cmd-1864.jpg,3
3968,193958679.jpg,4
3969,1119747653.jpg,2
3970,3504889993.jpg,3
3971,train-cmd-128.jpg,3
3972,3125296469.jpg,0
3973,1269832262.jpg,3
3974,train-cbsd-645.jpg,1
3975,train-cmd-2111.jpg,3
3976,2653660748.jpg,3
3977,1817648564.jpg,3
3978,263461197.jpg,3
3979,491244285.jpg,4
3980,train-cmd-1557.jpg,3
3981,1819546557.jpg,3
3982,train-cmd-2632.jpg,3
3983,1811483991.jpg,2
3984,4043869250.jpg,4
3985,3380981345.jpg,3
3986,80488129.jpg,3
3987,train-cmd-737.jpg,3
3988,3471618012.jpg,3
3989,2905887778.jpg,4
3990,train-cbsd-539.jpg,1
3991,4049843068.jpg,4
3992,1837309847.jpg,3
3993,256687729.jpg,3
3994,3958304403.jpg,1
3995,2257519479.jpg,3
3996,2889971119.jpg,3
3997,1274100886.jpg,3
3998,1555851966.jpg,2
3999,2460780852.jpg,3
